-- MySQL dump 10.13  Distrib 8.0.38, for Win64 (x86_64)
--
-- Host: 127.0.0.1    Database: c372_supermarketdb
-- ------------------------------------------------------
-- Server version	8.0.40

/*!40101 SET @OLD_CHARACTER_SET_CLIENT=@@CHARACTER_SET_CLIENT */;
/*!40101 SET @OLD_CHARACTER_SET_RESULTS=@@CHARACTER_SET_RESULTS */;
/*!40101 SET @OLD_COLLATION_CONNECTION=@@COLLATION_CONNECTION */;
/*!50503 SET NAMES utf8 */;
/*!40103 SET @OLD_TIME_ZONE=@@TIME_ZONE */;
/*!40103 SET TIME_ZONE='+00:00' */;
/*!40014 SET @OLD_UNIQUE_CHECKS=@@UNIQUE_CHECKS, UNIQUE_CHECKS=0 */;
/*!40014 SET @OLD_FOREIGN_KEY_CHECKS=@@FOREIGN_KEY_CHECKS, FOREIGN_KEY_CHECKS=0 */;
/*!40101 SET @OLD_SQL_MODE=@@SQL_MODE, SQL_MODE='NO_AUTO_VALUE_ON_ZERO' */;
/*!40111 SET @OLD_SQL_NOTES=@@SQL_NOTES, SQL_NOTES=0 */;

--
-- Table structure for table `cart`
--

DROP TABLE IF EXISTS `cart`;
/*!40101 SET @saved_cs_client     = @@character_set_client */;
/*!50503 SET character_set_client = utf8mb4 */;
CREATE TABLE `cart` (
  `id` int NOT NULL AUTO_INCREMENT,
  `user_id` int NOT NULL,
  `created_at` datetime DEFAULT CURRENT_TIMESTAMP,
  `updated_at` datetime DEFAULT CURRENT_TIMESTAMP ON UPDATE CURRENT_TIMESTAMP,
  PRIMARY KEY (`id`),
  KEY `user_id` (`user_id`),
  CONSTRAINT `cart_ibfk_1` FOREIGN KEY (`user_id`) REFERENCES `users` (`id`) ON DELETE CASCADE
) ENGINE=InnoDB DEFAULT CHARSET=latin1;
/*!40101 SET character_set_client = @saved_cs_client */;

--
-- Dumping data for table `cart`
--

LOCK TABLES `cart` WRITE;
/*!40000 ALTER TABLE `cart` DISABLE KEYS */;
/*!40000 ALTER TABLE `cart` ENABLE KEYS */;
UNLOCK TABLES;

--
-- Table structure for table `cart_itemsss`
--

DROP TABLE IF EXISTS `cart_itemsss`;
/*!40101 SET @saved_cs_client     = @@character_set_client */;
/*!50503 SET character_set_client = utf8mb4 */;
CREATE TABLE `cart_itemsss` (
  `user_id` int NOT NULL,
  `product_id` int NOT NULL,
  `quantity` int NOT NULL DEFAULT '1',
  PRIMARY KEY (`user_id`,`product_id`),
  KEY `product_id` (`product_id`),
  CONSTRAINT `cart_itemsss_ibfk_1` FOREIGN KEY (`user_id`) REFERENCES `users` (`id`),
  CONSTRAINT `cart_itemsss_ibfk_2` FOREIGN KEY (`product_id`) REFERENCES `products` (`id`)
) ENGINE=InnoDB DEFAULT CHARSET=latin1;
/*!40101 SET character_set_client = @saved_cs_client */;

--
-- Dumping data for table `cart_itemsss`
--

LOCK TABLES `cart_itemsss` WRITE;
/*!40000 ALTER TABLE `cart_itemsss` DISABLE KEYS */;
INSERT INTO `cart_itemsss` VALUES (39,14,7);
/*!40000 ALTER TABLE `cart_itemsss` ENABLE KEYS */;
UNLOCK TABLES;

--
-- Table structure for table `categories`
--

DROP TABLE IF EXISTS `categories`;
/*!40101 SET @saved_cs_client     = @@character_set_client */;
/*!50503 SET character_set_client = utf8mb4 */;
CREATE TABLE `categories` (
  `category_id` int NOT NULL AUTO_INCREMENT,
  `category_name` varchar(50) NOT NULL,
  `created_at` timestamp NULL DEFAULT CURRENT_TIMESTAMP,
  PRIMARY KEY (`category_id`),
  UNIQUE KEY `category_name` (`category_name`)
) ENGINE=InnoDB AUTO_INCREMENT=7 DEFAULT CHARSET=latin1;
/*!40101 SET character_set_client = @saved_cs_client */;

--
-- Dumping data for table `categories`
--

LOCK TABLES `categories` WRITE;
/*!40000 ALTER TABLE `categories` DISABLE KEYS */;
INSERT INTO `categories` VALUES (1,'Fruit','2026-01-30 06:38:44'),(2,'Vegetable','2026-01-30 06:38:44'),(3,'Meat','2026-01-30 06:38:44'),(4,'Beverage','2026-01-30 06:38:44'),(5,'Snack','2026-01-30 06:38:44'),(6,'Bread','2026-01-30 06:38:44');
/*!40000 ALTER TABLE `categories` ENABLE KEYS */;
UNLOCK TABLES;

--
-- Table structure for table `order_items`
--

DROP TABLE IF EXISTS `order_items`;
/*!40101 SET @saved_cs_client     = @@character_set_client */;
/*!50503 SET character_set_client = utf8mb4 */;
CREATE TABLE `order_items` (
  `order_item_id` int NOT NULL AUTO_INCREMENT,
  `order_id` int NOT NULL,
  `product_id` int NOT NULL,
  `quantity` int NOT NULL,
  `price_per_unit` decimal(10,2) NOT NULL,
  `created_at` timestamp NULL DEFAULT CURRENT_TIMESTAMP,
  PRIMARY KEY (`order_item_id`),
  KEY `order_items_ibfk_1` (`order_id`),
  KEY `order_items_ibfk_2` (`product_id`),
  CONSTRAINT `order_items_ibfk_1` FOREIGN KEY (`order_id`) REFERENCES `orders` (`order_id`),
  CONSTRAINT `order_items_ibfk_2` FOREIGN KEY (`product_id`) REFERENCES `products` (`id`)
) ENGINE=InnoDB AUTO_INCREMENT=110 DEFAULT CHARSET=latin1;
/*!40101 SET character_set_client = @saved_cs_client */;

--
-- Dumping data for table `order_items`
--

LOCK TABLES `order_items` WRITE;
/*!40000 ALTER TABLE `order_items` DISABLE KEYS */;
INSERT INTO `order_items` VALUES (1,1,1,2,1.60,'2025-11-22 12:55:58'),(2,2,1,1,1.60,'2025-11-22 12:56:18'),(3,3,1,1,1.60,'2025-11-22 13:01:47'),(4,4,1,3,1.60,'2025-11-22 13:06:35'),(5,5,1,1,1.60,'2025-11-22 13:09:12'),(6,6,2,1,0.80,'2025-11-22 13:09:27'),(7,7,1,1,1.60,'2025-11-22 16:20:54'),(8,8,1,2,1.60,'2025-11-22 16:25:03'),(9,9,1,1,1.60,'2025-11-22 16:26:01'),(10,10,1,1,1.60,'2025-11-22 16:30:12'),(11,11,1,2,1.60,'2025-11-22 16:41:12'),(12,12,1,7,1.60,'2025-11-22 16:41:42'),(13,13,2,1,0.80,'2025-11-22 19:11:46'),(14,14,3,1,3.50,'2025-11-22 19:12:11'),(15,15,1,1,1.60,'2025-11-23 10:23:35'),(16,15,2,1,0.80,'2025-11-23 10:23:35'),(17,15,3,1,3.50,'2025-11-23 10:23:35'),(18,16,2,2,0.80,'2025-11-23 16:33:50'),(19,16,4,3,1.80,'2025-11-23 16:33:50'),(20,17,4,1,1.80,'2025-11-23 16:34:10'),(21,17,14,1,1.50,'2025-11-23 16:34:10'),(22,18,3,1,3.50,'2025-11-23 16:37:21'),(23,18,19,1,10.00,'2025-11-23 16:37:21'),(24,19,2,1,0.80,'2025-11-23 16:39:43'),(25,20,2,1,0.80,'2025-11-23 16:39:58'),(26,21,19,1,10.00,'2025-11-23 16:40:06'),(27,22,14,1,1.50,'2025-11-24 03:49:08'),(28,23,1,1,1.60,'2025-11-24 04:28:51'),(29,24,3,1,3.50,'2025-11-28 13:19:02'),(30,25,2,2,0.80,'2025-12-01 07:51:56'),(31,26,4,36,1.80,'2025-12-01 12:48:48'),(32,27,14,3,1.50,'2025-12-01 12:53:10'),(33,28,2,1,0.80,'2025-12-01 12:53:59'),(34,29,3,1,3.50,'2025-12-01 12:54:14'),(35,30,19,1,10.00,'2025-12-01 13:00:38'),(36,31,3,1,3.50,'2025-12-01 13:03:15'),(37,32,2,1,0.80,'2025-12-01 16:42:56'),(38,33,3,3,3.50,'2025-12-02 07:41:59'),(39,34,3,1,3.50,'2025-12-02 08:37:36'),(40,35,14,1,1.50,'2025-12-05 08:00:15'),(41,36,19,1,10.00,'2025-12-05 08:13:06'),(42,37,2,1,0.80,'2026-01-23 15:03:13'),(43,38,2,1,0.80,'2026-01-23 15:08:41'),(44,40,3,1,3.50,'2026-01-23 15:11:09'),(45,42,3,1,3.50,'2026-01-23 15:18:31'),(46,43,14,1,1.50,'2026-01-23 16:10:32'),(47,44,19,1,10.00,'2026-01-23 16:17:06'),(48,45,19,1,10.00,'2026-01-23 16:18:05'),(49,46,19,1,10.00,'2026-01-23 16:24:21'),(50,47,19,1,10.00,'2026-01-23 16:46:39'),(51,48,19,1,10.00,'2026-01-23 16:52:11'),(52,50,19,1,10.00,'2026-01-23 16:53:51'),(53,51,19,1,10.00,'2026-01-23 16:57:00'),(54,52,19,1,10.00,'2026-01-23 16:58:05'),(55,53,19,1,10.00,'2026-01-23 17:05:32'),(56,54,19,1,10.00,'2026-01-23 17:05:52'),(57,55,19,1,10.00,'2026-01-23 17:06:27'),(58,56,19,1,10.00,'2026-01-23 17:23:01'),(59,57,19,1,10.00,'2026-01-23 17:29:27'),(60,58,1,1,1.60,'2026-01-23 17:43:46'),(61,59,19,1,10.00,'2026-01-23 17:44:01'),(62,60,19,1,10.00,'2026-01-23 17:48:35'),(63,61,19,1,10.00,'2026-01-23 17:55:38'),(64,62,19,1,10.00,'2026-01-23 17:58:52'),(65,63,19,1,10.00,'2026-01-23 18:00:13'),(66,64,19,1,10.00,'2026-01-23 18:05:08'),(67,65,19,1,10.00,'2026-01-23 18:08:41'),(68,66,19,1,10.00,'2026-01-23 18:09:10'),(69,67,19,1,10.00,'2026-01-24 13:56:03'),(70,68,19,1,10.00,'2026-01-24 13:56:51'),(71,69,19,2,10.00,'2026-01-24 13:58:40'),(72,70,19,1,10.00,'2026-01-24 13:59:16'),(73,71,19,1,10.00,'2026-01-24 14:00:35'),(74,72,19,2,10.00,'2026-01-24 15:45:24'),(75,73,19,1,10.00,'2026-01-24 15:59:00'),(76,74,19,1,10.00,'2026-01-24 16:06:18'),(77,75,19,1,10.00,'2026-01-24 16:09:40'),(78,76,4,1,1.80,'2026-01-24 16:10:26'),(79,77,19,1,10.00,'2026-01-28 15:11:44'),(80,78,19,1,10.00,'2026-01-28 15:29:47'),(81,79,19,1,10.00,'2026-01-28 15:34:00'),(82,80,19,1,10.00,'2026-01-28 15:45:14'),(83,81,19,1,10.00,'2026-01-28 15:45:58'),(84,82,19,1,10.00,'2026-01-28 15:51:28'),(85,83,19,1,10.00,'2026-01-28 16:07:05'),(86,84,19,1,10.00,'2026-01-28 16:07:57'),(87,85,19,1,10.00,'2026-01-28 16:11:31'),(88,86,19,1,10.00,'2026-01-28 16:22:28'),(89,87,19,1,10.00,'2026-01-28 16:27:23'),(90,88,19,1,10.00,'2026-01-28 16:33:56'),(91,89,19,1,10.00,'2026-01-28 16:34:54'),(92,90,19,1,10.00,'2026-01-28 16:39:35'),(93,91,19,1,10.00,'2026-01-28 17:16:38'),(94,92,19,1,10.00,'2026-01-28 17:17:40'),(95,106,19,2,10.00,'2026-01-28 19:25:12'),(96,112,14,2,1.50,'2026-01-28 19:57:06'),(97,113,14,1,1.50,'2026-01-28 20:00:53'),(98,114,14,1,1.50,'2026-01-29 04:35:00'),(99,115,19,2,10.00,'2026-01-29 06:51:01'),(100,116,19,2,10.00,'2026-01-30 03:15:28'),(101,117,19,1,10.00,'2026-01-30 03:28:36'),(102,118,19,1,10.00,'2026-01-30 03:50:00'),(103,119,19,1,10.00,'2026-01-30 03:56:51'),(104,120,19,1,10.00,'2026-01-30 04:18:33'),(105,121,19,1,10.00,'2026-01-30 04:48:53'),(106,122,19,1,10.00,'2026-01-30 05:23:18'),(107,123,14,1,1.50,'2026-01-30 05:31:06'),(108,124,14,1,1.50,'2026-01-30 05:35:28'),(109,125,14,1,1.50,'2026-01-30 06:01:52');
/*!40000 ALTER TABLE `order_items` ENABLE KEYS */;
UNLOCK TABLES;

--
-- Table structure for table `orders`
--

DROP TABLE IF EXISTS `orders`;
/*!40101 SET @saved_cs_client     = @@character_set_client */;
/*!50503 SET character_set_client = utf8mb4 */;
CREATE TABLE `orders` (
  `order_id` int NOT NULL AUTO_INCREMENT,
  `user_id` int NOT NULL,
  `order_date` datetime DEFAULT NULL,
  `total_amount` decimal(10,2) NOT NULL,
  `status` enum('Pending','Paid','Shipped') DEFAULT 'Pending',
  `payment_method` varchar(45) DEFAULT NULL,
  `invoice_number` varchar(50) DEFAULT NULL,
  `paid_at` datetime DEFAULT NULL,
  `updated_at` datetime NOT NULL DEFAULT CURRENT_TIMESTAMP ON UPDATE CURRENT_TIMESTAMP,
  `refund_status` enum('None','RefundRequested','RefundApproved','RefundRejected','Refunded') NOT NULL DEFAULT 'None',
  `refund_reason` text,
  `refund_request_at` datetime DEFAULT NULL,
  `refund_decision_at` datetime DEFAULT NULL,
  `refund_decision_by` int DEFAULT NULL,
  `refund_reject_reason` text,
  PRIMARY KEY (`order_id`),
  KEY `user_id` (`user_id`),
  CONSTRAINT `orders_ibfk_1` FOREIGN KEY (`user_id`) REFERENCES `users` (`id`)
) ENGINE=InnoDB AUTO_INCREMENT=126 DEFAULT CHARSET=latin1;
/*!40101 SET character_set_client = @saved_cs_client */;

--
-- Dumping data for table `orders`
--

LOCK TABLES `orders` WRITE;
/*!40000 ALTER TABLE `orders` DISABLE KEYS */;
INSERT INTO `orders` VALUES (1,35,'2025-11-22 20:55:58',3.20,'Pending',NULL,NULL,NULL,'2026-01-23 22:36:13','None',NULL,NULL,NULL,NULL,NULL),(2,35,'2025-11-22 20:56:18',1.60,'Pending',NULL,NULL,NULL,'2026-01-23 22:36:13','None',NULL,NULL,NULL,NULL,NULL),(3,35,'2025-11-22 21:01:47',1.60,'Pending',NULL,NULL,NULL,'2026-01-23 22:36:13','None',NULL,NULL,NULL,NULL,NULL),(4,35,'2025-11-22 21:06:35',4.80,'Pending',NULL,'INV-xXv9Kn',NULL,'2026-01-23 22:36:13','None',NULL,NULL,NULL,NULL,NULL),(5,35,'2025-11-22 21:09:12',1.60,'Pending',NULL,'INV-rvXrs0',NULL,'2026-01-23 22:36:13','None',NULL,NULL,NULL,NULL,NULL),(6,35,'2025-11-22 21:09:27',0.80,'Pending',NULL,'INV-hcdMVq',NULL,'2026-01-23 22:36:13','None',NULL,NULL,NULL,NULL,NULL),(7,35,'2025-11-23 00:20:54',1.60,'Pending',NULL,'INV-azgQrY',NULL,'2026-01-23 22:36:13','None',NULL,NULL,NULL,NULL,NULL),(8,35,'2025-11-23 00:25:03',3.20,'Pending',NULL,'INV-pL2Gm1',NULL,'2026-01-23 22:36:13','None',NULL,NULL,NULL,NULL,NULL),(9,35,'2025-11-23 00:26:01',1.60,'Pending',NULL,'INV-91PqEb',NULL,'2026-01-23 22:36:13','None',NULL,NULL,NULL,NULL,NULL),(10,35,'2025-11-23 00:30:12',1.60,'Pending',NULL,'INV-vm0apU',NULL,'2026-01-23 22:36:13','None',NULL,NULL,NULL,NULL,NULL),(11,35,'2025-11-23 00:41:12',3.20,'Pending',NULL,'INV-biAV2f',NULL,'2026-01-23 22:36:13','None',NULL,NULL,NULL,NULL,NULL),(12,35,'2025-11-23 00:41:42',11.20,'Pending',NULL,'INV-3MSJX9',NULL,'2026-01-23 22:36:13','None',NULL,NULL,NULL,NULL,NULL),(13,35,'2025-11-23 03:11:46',0.80,'Pending',NULL,'INV-dv5rUC',NULL,'2026-01-23 22:36:13','None',NULL,NULL,NULL,NULL,NULL),(14,35,'2025-11-23 03:12:11',3.50,'Pending',NULL,'INV-LVPp75',NULL,'2026-01-23 22:36:13','None',NULL,NULL,NULL,NULL,NULL),(15,35,'2025-11-23 18:23:35',5.90,'Pending',NULL,'INV-rykLL9',NULL,'2026-01-23 22:36:13','None',NULL,NULL,NULL,NULL,NULL),(16,35,'2025-11-24 00:33:50',7.00,'Pending',NULL,'INV-yFUL3c',NULL,'2026-01-23 22:36:13','None',NULL,NULL,NULL,NULL,NULL),(17,35,'2025-11-24 00:34:10',3.30,'Pending',NULL,'INV-49KkxJ',NULL,'2026-01-23 22:36:13','None',NULL,NULL,NULL,NULL,NULL),(18,35,'2025-11-24 00:37:21',13.50,'Pending',NULL,'INV-oIGu7w',NULL,'2026-01-23 22:36:13','None',NULL,NULL,NULL,NULL,NULL),(19,35,'2025-11-24 00:39:43',0.80,'Pending',NULL,'INV-jjHUtc',NULL,'2026-01-23 22:36:13','None',NULL,NULL,NULL,NULL,NULL),(20,35,'2025-11-24 00:39:58',0.80,'Pending',NULL,'INV-5glJGK',NULL,'2026-01-23 22:36:13','None',NULL,NULL,NULL,NULL,NULL),(21,35,'2025-11-24 00:40:06',10.00,'Pending',NULL,'INV-rnTOUC',NULL,'2026-01-23 22:36:13','None',NULL,NULL,NULL,NULL,NULL),(22,35,'2025-11-24 11:49:08',1.50,'Pending',NULL,'INV-I4VXRX',NULL,'2026-01-23 22:36:13','None',NULL,NULL,NULL,NULL,NULL),(23,39,'2025-11-24 12:28:51',1.60,'Pending',NULL,'INV-RKiqFx',NULL,'2026-01-23 22:36:13','None',NULL,NULL,NULL,NULL,NULL),(24,39,'2025-11-28 21:19:02',3.50,'Pending',NULL,'INV-vRQEZs',NULL,'2026-01-23 22:36:13','None',NULL,NULL,NULL,NULL,NULL),(25,39,'2025-12-01 15:51:56',1.60,'Pending',NULL,'INV-UZXL8b',NULL,'2026-01-23 22:36:13','None',NULL,NULL,NULL,NULL,NULL),(26,39,'2025-12-01 20:48:48',64.80,'Pending',NULL,'INV-qZTJZK',NULL,'2026-01-23 22:36:13','None',NULL,NULL,NULL,NULL,NULL),(27,39,'2025-12-01 20:53:10',4.50,'Pending',NULL,'INV-voLdDt',NULL,'2026-01-23 22:36:13','None',NULL,NULL,NULL,NULL,NULL),(28,39,'2025-12-01 20:53:59',0.80,'Pending',NULL,'INV-20251201205359-CxS6',NULL,'2026-01-23 22:36:13','None',NULL,NULL,NULL,NULL,NULL),(29,39,'2025-12-01 20:54:14',3.50,'Pending',NULL,'INV-20251201205414-0vwZ',NULL,'2026-01-23 22:36:13','None',NULL,NULL,NULL,NULL,NULL),(30,39,'2025-12-01 21:00:38',10.00,'Pending',NULL,'INV-20251201130038-gWYb',NULL,'2026-01-23 22:36:13','None',NULL,NULL,NULL,NULL,NULL),(31,39,'2025-12-01 21:03:15',3.50,'Pending',NULL,'INV-20251201130315-TcWB',NULL,'2026-01-23 22:36:13','None',NULL,NULL,NULL,NULL,NULL),(32,39,'2025-12-02 00:42:56',0.80,'Pending',NULL,'INV-20251201164256-3xP8',NULL,'2026-01-23 22:36:13','None',NULL,NULL,NULL,NULL,NULL),(33,43,'2025-12-02 15:41:59',10.50,'Pending',NULL,'INV-20251202074159-R3ZZ',NULL,'2026-01-23 22:36:13','None',NULL,NULL,NULL,NULL,NULL),(34,39,'2025-12-02 16:37:36',3.50,'Pending',NULL,'INV-20251202083736-HX8x',NULL,'2026-01-23 22:36:13','None',NULL,NULL,NULL,NULL,NULL),(35,39,'2025-12-05 16:00:15',1.50,'Pending',NULL,'INV-20251205080015',NULL,'2026-01-23 22:36:13','None',NULL,NULL,NULL,NULL,NULL),(36,39,'2025-12-05 16:13:06',10.00,'Pending',NULL,'INV-20251205081306',NULL,'2026-01-23 22:36:13','None',NULL,NULL,NULL,NULL,NULL),(37,39,'2026-01-23 23:03:13',0.80,'Pending',NULL,'INV-20260123150313',NULL,'2026-01-23 23:03:13','None',NULL,NULL,NULL,NULL,NULL),(38,39,'2026-01-23 23:08:41',0.80,'Pending',NULL,'INV-20260123150841',NULL,'2026-01-23 23:08:41','None',NULL,NULL,NULL,NULL,NULL),(39,39,'2026-01-23 23:10:21',0.00,'Pending',NULL,'INV-20260123151021',NULL,'2026-01-23 23:10:21','None',NULL,NULL,NULL,NULL,NULL),(40,39,'2026-01-23 23:11:09',3.50,'Pending',NULL,'INV-20260123151109',NULL,'2026-01-23 23:11:09','None',NULL,NULL,NULL,NULL,NULL),(41,39,'2026-01-23 23:17:30',0.00,'Pending',NULL,'INV-20260123151730',NULL,'2026-01-23 23:17:30','None',NULL,NULL,NULL,NULL,NULL),(42,39,'2026-01-23 23:18:31',3.50,'Pending',NULL,'INV-20260123151831',NULL,'2026-01-23 23:18:31','None',NULL,NULL,NULL,NULL,NULL),(43,39,'2026-01-24 00:10:32',1.50,'Pending',NULL,'INV-20260123161032',NULL,'2026-01-24 00:10:32','None',NULL,NULL,NULL,NULL,NULL),(44,39,'2026-01-24 00:17:06',10.00,'Pending',NULL,'INV-20260123161706',NULL,'2026-01-24 00:17:06','None',NULL,NULL,NULL,NULL,NULL),(45,39,'2026-01-24 00:18:05',10.00,'Pending',NULL,'INV-20260123161805',NULL,'2026-01-24 00:18:05','None',NULL,NULL,NULL,NULL,NULL),(46,39,'2026-01-24 00:24:21',10.00,'Pending',NULL,'INV-20260123162421',NULL,'2026-01-24 00:24:21','None',NULL,NULL,NULL,NULL,NULL),(47,39,'2026-01-24 00:46:39',10.00,'Pending',NULL,'INV-20260123164639',NULL,'2026-01-24 00:46:39','None',NULL,NULL,NULL,NULL,NULL),(48,39,'2026-01-24 00:52:11',10.00,'Pending',NULL,'INV-20260123165211',NULL,'2026-01-24 00:52:11','None',NULL,NULL,NULL,NULL,NULL),(49,39,'2026-01-24 00:53:06',0.00,'Pending',NULL,'INV-20260123165306',NULL,'2026-01-24 00:53:06','None',NULL,NULL,NULL,NULL,NULL),(50,39,'2026-01-24 00:53:51',10.00,'Pending',NULL,'INV-20260123165351',NULL,'2026-01-24 00:53:51','None',NULL,NULL,NULL,NULL,NULL),(51,39,'2026-01-24 00:57:00',10.00,'Pending',NULL,'INV-20260123165700',NULL,'2026-01-24 00:57:00','None',NULL,NULL,NULL,NULL,NULL),(52,39,'2026-01-24 00:58:05',10.00,'Pending',NULL,'INV-20260123165805',NULL,'2026-01-24 00:58:05','None',NULL,NULL,NULL,NULL,NULL),(53,39,'2026-01-24 01:05:32',10.00,'Pending',NULL,'INV-20260123170532',NULL,'2026-01-24 01:05:32','None',NULL,NULL,NULL,NULL,NULL),(54,39,'2026-01-24 01:05:52',10.00,'Pending',NULL,'INV-20260123170552',NULL,'2026-01-24 01:05:52','None',NULL,NULL,NULL,NULL,NULL),(55,39,'2026-01-24 01:06:27',10.00,'Pending',NULL,'INV-20260123170627',NULL,'2026-01-24 01:06:27','None',NULL,NULL,NULL,NULL,NULL),(56,39,'2026-01-24 01:23:01',10.00,'Pending',NULL,'INV-20260123172301',NULL,'2026-01-24 01:23:01','None',NULL,NULL,NULL,NULL,NULL),(57,39,'2026-01-24 01:29:27',10.00,'Pending',NULL,'INV-20260123172927',NULL,'2026-01-24 01:29:27','None',NULL,NULL,NULL,NULL,NULL),(58,39,'2026-01-24 01:43:46',1.60,'Pending',NULL,'INV-20260123174346',NULL,'2026-01-24 01:43:46','None',NULL,NULL,NULL,NULL,NULL),(59,39,'2026-01-24 01:44:01',10.00,'Pending',NULL,'INV-20260123174401',NULL,'2026-01-24 01:44:01','None',NULL,NULL,NULL,NULL,NULL),(60,39,'2026-01-24 01:48:35',10.00,'Pending',NULL,'INV-20260123174835',NULL,'2026-01-24 01:48:35','None',NULL,NULL,NULL,NULL,NULL),(61,39,'2026-01-24 01:55:38',10.00,'Pending',NULL,'INV-20260123175538',NULL,'2026-01-24 01:55:38','None',NULL,NULL,NULL,NULL,NULL),(62,39,'2026-01-24 01:58:52',10.00,'Pending',NULL,'INV-20260123175852',NULL,'2026-01-24 01:58:52','None',NULL,NULL,NULL,NULL,NULL),(63,39,'2026-01-24 02:00:13',10.00,'Pending',NULL,'INV-20260123180013',NULL,'2026-01-24 02:00:13','None',NULL,NULL,NULL,NULL,NULL),(64,39,'2026-01-24 02:05:08',10.00,'Pending',NULL,'INV-20260123180508',NULL,'2026-01-24 02:05:08','None',NULL,NULL,NULL,NULL,NULL),(65,39,'2026-01-24 02:08:41',10.00,'Pending',NULL,'INV-20260123180841',NULL,'2026-01-24 02:08:41','None',NULL,NULL,NULL,NULL,NULL),(66,39,'2026-01-24 02:09:10',10.00,'Pending',NULL,'INV-20260123180910',NULL,'2026-01-24 02:09:10','None',NULL,NULL,NULL,NULL,NULL),(67,39,'2026-01-24 21:56:03',10.00,'Pending',NULL,'INV-20260124135603',NULL,'2026-01-24 21:56:03','None',NULL,NULL,NULL,NULL,NULL),(68,39,'2026-01-24 21:56:51',10.00,'Pending',NULL,'INV-20260124135651',NULL,'2026-01-24 21:56:51','None',NULL,NULL,NULL,NULL,NULL),(69,39,'2026-01-24 21:58:40',20.00,'Pending',NULL,'INV-20260124135840',NULL,'2026-01-24 21:58:40','None',NULL,NULL,NULL,NULL,NULL),(70,39,'2026-01-24 21:59:16',10.00,'Pending',NULL,'INV-20260124135916',NULL,'2026-01-24 21:59:16','None',NULL,NULL,NULL,NULL,NULL),(71,39,'2026-01-24 22:00:35',10.00,'Pending',NULL,'INV-20260124140035',NULL,'2026-01-24 22:00:35','None',NULL,NULL,NULL,NULL,NULL),(72,39,NULL,20.00,'Paid','PayPal','INV-20260124154524','2026-01-24 23:45:24','2026-01-24 23:45:24','None',NULL,NULL,NULL,NULL,NULL),(73,39,NULL,10.00,'Paid','PayPal','INV-20260124155900','2026-01-24 23:59:00','2026-01-24 23:59:00','None',NULL,NULL,NULL,NULL,NULL),(74,39,'2026-01-25 00:06:18',10.00,'Paid','PayPal','INV-20260124160618','2026-01-25 00:06:18','2026-01-25 00:06:18','None',NULL,NULL,NULL,NULL,NULL),(75,39,'2026-01-25 00:09:40',10.00,'Paid','PayPal','INV-20260124160940','2026-01-25 00:09:40','2026-01-25 00:09:40','None',NULL,NULL,NULL,NULL,NULL),(76,39,'2026-01-25 00:10:26',1.80,'Paid','PayPal','INV-20260124161026','2026-01-25 00:10:26','2026-01-25 00:10:26','None',NULL,NULL,NULL,NULL,NULL),(77,39,'2026-01-28 23:11:44',10.00,'Paid','HitPay-PayNow','INV-20260128151144','2026-01-28 23:11:44','2026-01-28 23:11:44','None',NULL,NULL,NULL,NULL,NULL),(78,39,'2026-01-28 23:29:47',10.00,'Paid','HitPay-PayNow','INV-20260128152947','2026-01-28 23:29:47','2026-01-28 23:29:47','None',NULL,NULL,NULL,NULL,NULL),(79,39,'2026-01-28 23:34:00',10.00,'Paid','HitPay-PayNow','INV-20260128153400','2026-01-28 23:34:00','2026-01-28 23:34:00','None',NULL,NULL,NULL,NULL,NULL),(80,39,'2026-01-28 23:45:13',10.00,'Paid','PayPal','INV-20260128154513','2026-01-28 23:45:13','2026-01-28 23:45:13','None',NULL,NULL,NULL,NULL,NULL),(81,39,'2026-01-28 23:45:58',10.00,'Paid','HitPay-PayNow','INV-20260128154558','2026-01-28 23:45:58','2026-01-28 23:45:58','None',NULL,NULL,NULL,NULL,NULL),(82,39,'2026-01-28 23:51:28',10.00,'Paid','HitPay-PayNow','INV-20260128155128','2026-01-28 23:51:28','2026-01-28 23:51:28','None',NULL,NULL,NULL,NULL,NULL),(83,39,'2026-01-29 00:07:05',10.00,'Paid','PayPal','INV-20260128160705','2026-01-29 00:07:05','2026-01-29 00:07:05','None',NULL,NULL,NULL,NULL,NULL),(84,39,'2026-01-29 00:07:57',10.00,'Paid','HitPay-PayNow','INV-20260128160757','2026-01-29 00:07:57','2026-01-29 00:07:57','None',NULL,NULL,NULL,NULL,NULL),(85,39,'2026-01-29 00:11:31',10.00,'Paid','HitPay-PayNow','INV-20260128161131','2026-01-29 00:11:31','2026-01-29 00:11:31','None',NULL,NULL,NULL,NULL,NULL),(86,39,'2026-01-29 00:22:28',10.00,'Paid','HitPay-PayNow','INV-20260128162228','2026-01-29 00:22:28','2026-01-29 00:22:28','None',NULL,NULL,NULL,NULL,NULL),(87,39,'2026-01-29 00:27:23',10.00,'Paid','PayPal','INV-20260128162723','2026-01-29 00:27:23','2026-01-29 00:27:23','None',NULL,NULL,NULL,NULL,NULL),(88,39,'2026-01-29 00:33:56',10.00,'Paid','PayPal','INV-20260128163356','2026-01-29 00:33:56','2026-01-29 00:33:56','None',NULL,NULL,NULL,NULL,NULL),(89,39,'2026-01-29 00:34:54',10.00,'Paid','HitPay-PayNow','INV-20260128163454','2026-01-29 00:34:54','2026-01-29 00:34:54','None',NULL,NULL,NULL,NULL,NULL),(90,39,'2026-01-29 00:39:35',10.00,'Paid','HitPay-PayNow','INV-20260128163935','2026-01-29 00:39:35','2026-01-29 00:39:35','None',NULL,NULL,NULL,NULL,NULL),(91,39,'2026-01-29 01:16:38',10.00,'Paid','PayPal','INV-20260128171638','2026-01-29 01:16:38','2026-01-29 01:16:38','None',NULL,NULL,NULL,NULL,NULL),(92,39,'2026-01-29 01:17:40',10.00,'Paid','HitPay-PayNow','INV-20260128171740','2026-01-29 01:17:40','2026-01-29 01:17:40','None',NULL,NULL,NULL,NULL,NULL),(93,39,'2026-01-29 01:39:49',20.00,'Pending','NETS-QR','INV-1769621989203','2026-01-29 01:39:49','2026-01-29 01:39:49','None',NULL,NULL,NULL,NULL,NULL),(94,39,'2026-01-29 01:44:42',20.00,'Pending','NETS-QR','INV-1769622282125','2026-01-29 01:44:42','2026-01-29 01:44:42','None',NULL,NULL,NULL,NULL,NULL),(95,39,'2026-01-29 01:55:37',20.00,'Pending','NETS-QR','INV-1769622937046','2026-01-29 01:55:37','2026-01-29 01:55:37','None',NULL,NULL,NULL,NULL,NULL),(96,39,'2026-01-29 02:05:48',20.00,'Pending','NETS-QR','INV-1769623548072','2026-01-29 02:05:48','2026-01-29 02:05:48','None',NULL,NULL,NULL,NULL,NULL),(97,39,'2026-01-29 02:15:39',20.00,'Pending','NETS-QR','INV-1769624139769','2026-01-29 02:15:39','2026-01-29 02:15:39','None',NULL,NULL,NULL,NULL,NULL),(98,39,'2026-01-29 02:37:08',20.00,'Pending','NETS-QR','INV-1769625428724',NULL,'2026-01-29 02:37:08','None',NULL,NULL,NULL,NULL,NULL),(99,39,'2026-01-29 02:50:54',20.00,'Pending','NETS-QR','INV-1769626254371',NULL,'2026-01-29 02:50:54','None',NULL,NULL,NULL,NULL,NULL),(100,39,'2026-01-29 02:52:11',20.00,'Pending','NETS-QR','INV-1769626331177',NULL,'2026-01-29 02:52:11','None',NULL,NULL,NULL,NULL,NULL),(101,39,'2026-01-29 02:53:18',20.00,'Pending','NETS-QR','INV-1769626398814',NULL,'2026-01-29 02:53:18','None',NULL,NULL,NULL,NULL,NULL),(102,39,'2026-01-29 02:56:59',20.00,'Pending','NETS-QR','INV-1769626619770',NULL,'2026-01-29 02:56:59','None',NULL,NULL,NULL,NULL,NULL),(103,39,'2026-01-29 03:05:50',20.00,'Pending','NETS-QR','INV-1769627150998',NULL,'2026-01-29 03:05:50','None',NULL,NULL,NULL,NULL,NULL),(104,39,'2026-01-29 03:10:08',20.00,'Pending','NETS-QR','INV-1769627408907',NULL,'2026-01-29 03:10:08','None',NULL,NULL,NULL,NULL,NULL),(105,39,'2026-01-29 03:17:30',20.00,'Pending','NETS-QR','INV-1769627850052',NULL,'2026-01-29 03:17:30','None',NULL,NULL,NULL,NULL,NULL),(106,39,'2026-01-29 03:25:02',20.00,'Paid','NETS-QR','INV-1769628302500','2026-01-29 03:25:12','2026-01-29 03:25:12','None',NULL,NULL,NULL,NULL,NULL),(107,39,'2026-01-29 03:40:38',1.50,'Paid','NETS-QR','INV-1769629238580',NULL,'2026-01-29 03:40:38','None',NULL,NULL,NULL,NULL,NULL),(108,39,'2026-01-29 03:44:28',1.50,'Paid','NETS-QR','INV-1769629468609',NULL,'2026-01-29 03:44:28','None',NULL,NULL,NULL,NULL,NULL),(109,39,'2026-01-29 03:45:31',1.50,'Paid','NETS-QR','INV-1769629531608',NULL,'2026-01-29 03:45:31','None',NULL,NULL,NULL,NULL,NULL),(110,39,'2026-01-29 03:49:09',3.00,'Paid','NETS-QR','INV-1769629749517',NULL,'2026-01-29 03:49:09','None',NULL,NULL,NULL,NULL,NULL),(111,39,'2026-01-29 03:49:15',3.00,'Paid','NETS-QR','INV-1769629755297',NULL,'2026-01-29 03:49:15','None',NULL,NULL,NULL,NULL,NULL),(112,39,'2026-01-29 03:57:06',3.00,'Paid','NETS-QR','INV-1769630226616','2026-01-29 03:57:06','2026-01-29 03:57:06','None',NULL,NULL,NULL,NULL,NULL),(113,39,'2026-01-29 04:00:53',1.50,'Paid','NETS-QR','INV-1769630453270','2026-01-29 04:00:53','2026-01-29 04:00:53','None',NULL,NULL,NULL,NULL,NULL),(114,39,'2026-01-29 12:35:00',1.50,'Paid','HitPay-PayNow','INV-20260129043500','2026-01-29 12:35:00','2026-01-29 12:35:00','None',NULL,NULL,NULL,NULL,NULL),(115,39,'2026-01-29 14:51:01',20.00,'Paid','NETS-QR','INV-1769669461332','2026-01-29 14:51:01','2026-01-29 14:51:01','None',NULL,NULL,NULL,NULL,NULL),(116,39,'2026-01-30 11:15:28',20.00,'Paid','PayPal','INV-20260130031528','2026-01-30 11:15:28','2026-01-30 11:15:28','None',NULL,NULL,NULL,NULL,NULL),(117,39,'2026-01-30 11:28:36',10.00,'Paid','PayPal','INV-20260130032836','2026-01-30 11:28:36','2026-01-30 13:16:57','RefundRejected','test','2026-01-30 11:48:03',NULL,NULL,'test'),(118,39,'2026-01-30 11:50:00',10.00,'Paid','PayPal','INV-20260130035000','2026-01-30 11:50:00','2026-01-30 11:50:35','RefundRejected','test2','2026-01-30 11:50:05',NULL,NULL,'lie'),(119,39,'2026-01-30 11:56:51',10.00,'Paid','PayPal','INV-20260130035651','2026-01-30 11:56:51','2026-01-30 11:56:56','RefundRequested','test 3','2026-01-30 11:56:56',NULL,NULL,NULL),(120,39,'2026-01-30 12:18:33',10.00,'Paid','PayPal','INV-20260130041833','2026-01-30 12:18:33','2026-01-30 12:18:37','RefundRequested','test 4','2026-01-30 12:18:37',NULL,NULL,NULL),(121,39,'2026-01-30 12:48:53',10.00,'Paid','PayPal','INV-20260130044853','2026-01-30 12:48:53','2026-01-30 12:48:58','RefundRequested','test 5','2026-01-30 12:48:58',NULL,NULL,NULL),(122,39,'2026-01-30 13:23:18',10.00,'Paid','PayPal','INV-20260130052318','2026-01-30 13:23:18','2026-01-30 13:23:23','RefundRequested','refund','2026-01-30 13:23:23',NULL,NULL,NULL),(123,39,'2026-01-30 13:31:06',1.50,'Paid','PayPal','INV-20260130053106','2026-01-30 13:31:06','2026-01-30 14:00:57','Refunded','test','2026-01-30 13:31:10',NULL,NULL,NULL),(124,39,'2026-01-30 13:35:28',1.50,'Paid','PayPal','INV-20260130053528','2026-01-30 13:35:28','2026-01-30 13:46:19','RefundApproved','send','2026-01-30 13:35:33','2026-01-30 13:46:19',NULL,NULL),(125,39,'2026-01-30 14:01:52',1.50,'Paid','PayPal','INV-20260130060152','2026-01-30 14:01:52','2026-01-30 14:02:28','Refunded','testing','2026-01-30 14:02:04',NULL,NULL,NULL);
/*!40000 ALTER TABLE `orders` ENABLE KEYS */;
UNLOCK TABLES;

--
-- Table structure for table `payments`
--

DROP TABLE IF EXISTS `payments`;
/*!40101 SET @saved_cs_client     = @@character_set_client */;
/*!50503 SET character_set_client = utf8mb4 */;
CREATE TABLE `payments` (
  `payment_id` int NOT NULL AUTO_INCREMENT,
  `order_id` int NOT NULL,
  `provider` varchar(20) NOT NULL,
  `txn_ref` varchar(100) NOT NULL,
  `payment_status` varchar(20) NOT NULL DEFAULT 'Pending',
  `amount` decimal(10,2) NOT NULL,
  `created_at` datetime NOT NULL DEFAULT CURRENT_TIMESTAMP,
  `paid_at` datetime DEFAULT NULL,
  PRIMARY KEY (`payment_id`),
  KEY `idx_payments_order_id` (`order_id`),
  CONSTRAINT `fk_payments_order` FOREIGN KEY (`order_id`) REFERENCES `orders` (`order_id`) ON DELETE CASCADE
) ENGINE=InnoDB DEFAULT CHARSET=latin1;
/*!40101 SET character_set_client = @saved_cs_client */;

--
-- Dumping data for table `payments`
--

LOCK TABLES `payments` WRITE;
/*!40000 ALTER TABLE `payments` DISABLE KEYS */;
/*!40000 ALTER TABLE `payments` ENABLE KEYS */;
UNLOCK TABLES;

--
-- Table structure for table `products`
--

DROP TABLE IF EXISTS `products`;
/*!40101 SET @saved_cs_client     = @@character_set_client */;
/*!50503 SET character_set_client = utf8mb4 */;
CREATE TABLE `products` (
  `id` int NOT NULL AUTO_INCREMENT,
  `productName` varchar(200) CHARACTER SET utf8mb4 COLLATE utf8mb4_general_ci NOT NULL,
  `quantity` int NOT NULL,
  `price` double(10,2) NOT NULL,
  `image` varchar(50) CHARACTER SET utf8mb4 COLLATE utf8mb4_general_ci NOT NULL,
  `category_id` int DEFAULT NULL,
  PRIMARY KEY (`id`),
  KEY `fk_products_category` (`category_id`),
  CONSTRAINT `fk_products_category` FOREIGN KEY (`category_id`) REFERENCES `categories` (`category_id`) ON DELETE CASCADE ON UPDATE SET NULL
) ENGINE=InnoDB AUTO_INCREMENT=26 DEFAULT CHARSET=utf8mb4 COLLATE=utf8mb4_general_ci;
/*!40101 SET character_set_client = @saved_cs_client */;

--
-- Dumping data for table `products`
--

LOCK TABLES `products` WRITE;
/*!40000 ALTER TABLE `products` DISABLE KEYS */;
INSERT INTO `products` VALUES (1,'Apples',0,1.60,'apples.png',1),(2,'Bananas',0,0.80,'bananas.png',1),(3,'Milk',38,3.50,'milk.png',4),(4,'Bread',39,1.80,'bread.png',6),(14,'Tomatoes',68,1.50,'tomatoes.png',2),(19,'Broccoli',36,10.00,'Broccoli.png',2);
/*!40000 ALTER TABLE `products` ENABLE KEYS */;
UNLOCK TABLES;

--
-- Table structure for table `reviews`
--

DROP TABLE IF EXISTS `reviews`;
/*!40101 SET @saved_cs_client     = @@character_set_client */;
/*!50503 SET character_set_client = utf8mb4 */;
CREATE TABLE `reviews` (
  `review_id` int NOT NULL AUTO_INCREMENT,
  `user_id` int NOT NULL,
  `rating` int DEFAULT NULL,
  `comment` text,
  `created_at` timestamp NULL DEFAULT CURRENT_TIMESTAMP,
  PRIMARY KEY (`review_id`),
  KEY `fk_review_user` (`user_id`),
  CONSTRAINT `fk_review_user` FOREIGN KEY (`user_id`) REFERENCES `users` (`id`) ON DELETE CASCADE,
  CONSTRAINT `reviews_chk_1` CHECK ((`rating` between 1 and 5))
) ENGINE=InnoDB AUTO_INCREMENT=11 DEFAULT CHARSET=latin1;
/*!40101 SET character_set_client = @saved_cs_client */;

--
-- Dumping data for table `reviews`
--

LOCK TABLES `reviews` WRITE;
/*!40000 ALTER TABLE `reviews` DISABLE KEYS */;
INSERT INTO `reviews` VALUES (1,35,5,'Testing','2025-11-22 17:23:25'),(2,35,5,'WOW','2025-11-22 17:23:36'),(3,35,5,'2','2025-11-22 17:23:45'),(4,35,5,'4','2025-11-22 17:23:48'),(5,35,4,'testing v2','2025-11-22 21:28:40'),(6,35,5,'test','2025-11-23 06:25:17'),(7,39,5,'testing','2025-11-24 04:33:36'),(8,39,5,'testing 123','2025-12-02 07:50:22'),(9,39,3,'testing 345\r\n','2025-12-02 08:46:27'),(10,39,1,'TO BAD','2026-01-29 05:47:58');
/*!40000 ALTER TABLE `reviews` ENABLE KEYS */;
UNLOCK TABLES;

--
-- Table structure for table `transaction`
--

DROP TABLE IF EXISTS `transaction`;
/*!40101 SET @saved_cs_client     = @@character_set_client */;
/*!50503 SET character_set_client = utf8mb4 */;
CREATE TABLE `transaction` (
  `transaction_id` int NOT NULL AUTO_INCREMENT,
  `order_id` int DEFAULT NULL,
  `user_id` int NOT NULL,
  `payment_method` varchar(30) NOT NULL,
  `payment_status` varchar(30) NOT NULL,
  `amount` decimal(10,2) NOT NULL,
  `currency` varchar(10) NOT NULL DEFAULT 'SGD',
  `paypal_order_id` varchar(100) DEFAULT NULL,
  `paypal_capture_id` varchar(100) DEFAULT NULL,
  `nets_reference` varchar(100) DEFAULT NULL,
  `qr_base64` longtext,
  `payer_email` varchar(255) DEFAULT NULL,
  `paid_datetime` datetime DEFAULT NULL,
  `created_at` datetime DEFAULT CURRENT_TIMESTAMP,
  `hitpay_request_id` varchar(100) DEFAULT 'Null',
  PRIMARY KEY (`transaction_id`),
  KEY `order_id` (`order_id`),
  KEY `user_id` (`user_id`),
  CONSTRAINT `transaction_ibfk_1` FOREIGN KEY (`order_id`) REFERENCES `orders` (`order_id`),
  CONSTRAINT `transaction_ibfk_2` FOREIGN KEY (`user_id`) REFERENCES `users` (`id`)
) ENGINE=InnoDB AUTO_INCREMENT=43 DEFAULT CHARSET=latin1;
/*!40101 SET character_set_client = @saved_cs_client */;

--
-- Dumping data for table `transaction`
--

LOCK TABLES `transaction` WRITE;
/*!40000 ALTER TABLE `transaction` DISABLE KEYS */;
INSERT INTO `transaction` VALUES (1,75,39,'PayPal','Paid',10.00,'SGD','947359423T4290034','0T986368M4477892X',NULL,NULL,'sb-xwsaw48998716@personal.example.com','2026-01-24 16:09:39','2026-01-25 00:09:40','Null'),(2,76,39,'PayPal','Paid',1.80,'SGD','57D69206CX058640K','35981419BD7491034',NULL,NULL,'sb-xwsaw48998716@personal.example.com','2026-01-24 16:10:26','2026-01-25 00:10:26','Null'),(3,80,39,'PayPal','Paid',10.00,'SGD','7B118732X7533050R','5Y921177F20779701',NULL,NULL,'sb-xwsaw48998716@personal.example.com','2026-01-28 15:45:13','2026-01-28 23:45:14','Null'),(4,83,39,'PayPal','Paid',10.00,'SGD','3N5266768A1220026','2S135715EU4676353',NULL,NULL,'sb-xwsaw48998716@personal.example.com','2026-01-28 16:07:04','2026-01-29 00:07:05','Null'),(5,87,39,'PayPal','Paid',10.00,'SGD','2RC34754LK511054E','0K376937NF269550D',NULL,NULL,'sb-xwsaw48998716@personal.example.com','2026-01-28 16:27:22','2026-01-29 00:27:23','Null'),(6,88,39,'PayPal','Paid',10.00,'SGD','0A377540TB867364N','38C650255E753603H',NULL,NULL,'sb-xwsaw48998716@personal.example.com','2026-01-28 16:33:56','2026-01-29 00:33:56','Null'),(7,89,39,'HitPay-PayNow','Paid',10.00,'SGD',NULL,NULL,NULL,NULL,NULL,'2026-01-28 16:34:54','2026-01-29 00:34:54','a0f2218d-2bab-478b-8c76-878b3939ce43'),(8,90,39,'HitPay-PayNow','Paid',10.00,'SGD',NULL,NULL,NULL,NULL,NULL,'2026-01-28 16:39:37','2026-01-29 00:39:37','a0f2233b-ce08-4b61-a381-9f84cd766be9'),(9,91,39,'PayPal','Paid',10.00,'SGD','9R217207H07801804','5D142451MJ835813U',NULL,NULL,'sb-xwsaw48998716@personal.example.com','2026-01-28 17:16:38','2026-01-29 01:16:38','Null'),(10,92,39,'HitPay-PayNow','Paid',10.00,'SGD',NULL,NULL,NULL,NULL,NULL,'2026-01-28 17:17:40','2026-01-29 01:17:40','a0f230ca-5d30-4435-88ae-9d94a1917d1e'),(11,103,39,'NETS-QR','Pending',20.00,'SGD',NULL,NULL,'0sm27ozcygpc','iVBORw0KGgoAAAANSUhEUgAAAPoAAAD6CAYAAACI7Fo9AAAMcklEQVR42u3d0ZWiMBQAUPrx01pswTqmDVuYWvidelyZcWcQgoqS5KH3nePBHZVFzE3gkYTmKIR4+WjsAiFAF0KALoQAXQgBuhACdCEE6EII0IUQoAsBuhACdCEE6EII0IUQoAshQBdCgC6EAF0I0IUQoN+xsqYp+rj1/8/dvmfX9+z+yr2/S68/9/ZF3x9Ll2/QQQcddNBBBx100EEHHfSSBffZ9S+9I3MXlNKwlq7Iou+PpX/P2uUbdNBBBx100EEHHXTQQQc9ckHOnSx59odY+v25k0m1K77cFVvp3yd3+QIddNBBBx100EEHHXTQQV/Tjlh7B5toFWft7xOtPIAOOuiggw466KCDDjrooIO+XPJobR0yaicjly4f0ZJ7knGggw466KCDDjrooIMO+jtBj1aRlO5gU7siWNv6S++/6OUbdNBBBx100EEHHXTQQQc9ZzKk9uSQXvd65IYEdAXN66CD7nWvgw66170O+poj96CJaMm6d79hQ+7f/6VsgA466KCDDjrooIMOOuigZy5Ic1+PXjBLQ6tdkS39+0WvuN4mGQc66KCDDjrooIMOOuigv2UyrvREFLkLWu0bKrza9kdPXj5bnkEHHXTQQQcddNBBBx100HNuaO3J9aKvf+2DgmonD0uX19oVG+iggw466KCDDjrooIMO+ppvbB892VT687VvsBEt+VYyeQY66KCDDjrooIMOOuigg774ygsPUihdUZUe5BE9WZn794x008IaDQfooIMOOuiggw466KCDDnrN5Fzp9ddO1qwNbrQOONHKY6TkHuiggw466KCDDjrooIMO+qsVtNodMEpPhrj07xHt982djI2ULAQddNBBBx100EEHHXTQQa9d8JaGEq2g5E4GvdvED7X3N+iggw466KCDDjrooIMO+jsn40q/P3dyrXRFt/b9X7p8vuygFtBBBx100EEHHXTQQQf9JaDXTvZFKzhru8FC7WRo9MkoJeNABx100EEHHXTQQQcd9FeGXnpywtodemonu5bevtKTf9aeHDKUHdBBBx100EEHHXTQQQf97aCXvinh2iabrP353O+PNqgmN8TSFSfooIMOOuiggw466KCDDnrJHyp3cir3xAq1C3ppuNFu2li74qpdfkAHHXTQQQcddNBBBx100J+BtvbkX22o0SfPjJasWvv+B71SVlusK0AHHXTQQQddgA56GMi1J/QXdeFGy2FEalhABx100EEHHXTQQRegg146ubb0D538/Mfh9Nifl+fHbv/4Tuutrz099p/tcf/RHg/nZffvw2DZf/3a+9r+Ng63eS3/Pn2PpcpP7ckuSybfQH/m/z+Bbrvl6dE22/Py7/ncaDf733Ucz+vYN/tjszks8tieHscr29st+99n/Hx7fv/U89Q686z/2O2rrxZ00EtB354L4vaMc/tbML+fz4nNdrS+/alAN7v2B+to2QFuB8vp9/2HntrmtT3/X0l8t/Kgg14GetMrhANIcw7jN/tea95r0S/AHhKwDwnY4/dtd4fRto6fN+PK6uJ504OXel5y/efPfR5AjwQ92iCTp5Nvu32yhRwV7HvPKzfDFqz5adGvHpK3dx66t71D9/6hcqJymvxOqdebO/7+zOfT6xn97XgMX75KJ69BX+iHar+hTwEf/G3WoftfgT+coHfJte1HO7E83Hj9b/m9vd1RyHk5fFz8fYSv+TtCmVhP+vNjtFPb0N76d/8cfXAU0J2vgw56gRY93TJdPL8zGXdRQXweqlyqand/2/K7PR/3b0t/nzzy+esFK1GRntYNOujZoLfDwnyCOQZ7bn0221mH7ovimBujRGMzL9+QOB24lSWfv23NRS4E9BeBvvT///T2XGBoLlrgduoQ/koL/Xd5bft7Gawa9MRpRPtAi36xf5b6Lh/7weF7mRa9djIa9KrQJw5Pv45/hbD3enutZdskkk0BWvRfULNa9NTlsebnlOBzgZa9qzB3vQ41xyPooOeDPjov78PsercNWvZ+lvh2K9p8J+O6y2bdpbHt3cv0a/OgJ45GdjNa9I/DOJF3sa+axOtTy/Pnuv1zpaIAHfTsLXo/KTR9bfwycXf78tr27/La7vmecfMO3RPnwR/7uT/A+Kjg6mW71HLq+vv56AD0+B1mondAuC/rfkfnjakCPKgULs/RUx1mBr3fRs/Py37HmV37GPRUJbabuY6uf/1UriLZSWbcweb65cvm4uhobYNW3mZQyytAH7U4U+fUycPRQWeazbjl+2nRe6gnnw9a/WEvuZnQ+5fXfrf3kcE6XT5ioudbuhPMVAeZK5/bbEEHvXCLPgW917qNzlVvtujLDGp57NC9n394YlReBz5xlWK83E78vblSYTSgg54TeuJw8lqW/LdiGB+W/kBPdO88febwdfweftp+npZf3VDU03u74acXf594z+f571/zs+4jTLtKVwD6lcVmn75GvzuAXgv60sm5cMnAVKeSGz3Z2s3Eueqgm+fi155nRpvodz8LetdxaGbPwHmnFYNWPdFhJlpD8bKDWt4H+kyYNweNXMnil4pE77N2xqF7Oh+x0HdJJPm683TQQc8GfYT2Hphfx/Gltqlrx9V6xj2Zdd+kOsss1TPukDit0KKDngl6OycZlzy07bWWo4kr/rfo+zrQU73+5mTdJ8bqf++fZ/q8d1cpUpNngL4e6KUHFTy9vt04Sz7r8HSEadyLbsms+3Z3eABq/9LhDOhf09fQh/3U5/y9nZrM4o5utbUHWdWEDfqT0Ec9uOYeak9eI24G0FOzx8xYnp/fn4wbD5mdfeh9c5z+/B5y6cknmiItLOha9Key5Olz9d4MM8M54vodYvpzxk39/f+ccbNa9ERHlt0j362Z7BST7BY8PEK60atuzj4HHfQHoS+UJf9qJydtPDT7BPL7Wu9nWvTjYMjs7HP0Qct+eTi+nTFV1bV+8vMqH9ALQV8cWu3/7zf72+u99Wii6Tc5d7m+u+aLa6bmj2t7r80bwdZ+Hsbnzc8m0Ta98eM3e781g/cmRr0Ntif3RA9LTy76MjdZfHnomaM9imd+X9BBXwV0ATrooAvQY0BferK86BPwi3VVBLknQnnbmyyCLkAHHXQBOuigC9BXAT1axbD058W6knOvDBl00EEHHXTQQQcd9KxziJXOUZSu2ErnQEAvBD1awah9U7zoNxiI1iEk+u+xdEX1MhNPgA466KCDDjrooIMOOuirhF462ZU7OVi7A0/tirF0Mi1aRbkm+KCDDjrooIMOOuiggw76+0GPXtDXliyKNlFC7Q5GpTu85Ibpbqqggw466KCDDjrooIMOeslkXLSCEy35lBt+7oJZejLE3IN8aic/QQcddNBBBx100EEHHXTQjwXDoJSyHU6i3WSw9u+TO7kcueEAHXTQQQcddNBBBx100N8PevRkWu6KJ3dFGK0DS2540TvEREuWgg466KCDDjrooIMOOuig10x+5P7/ow0qqf17RKuYSycza5cX0EEHHXTQQQcddNBBBx30ksmk2vFqNzgonQwr/X1KV6Rrvvsu6KCDDjrooIMOOuiggw567Qn0ow+CKQ21dAea2vDXvr9ABx100EEHHXTQQQcddNBLJudy75jok0/WruiiDYopnWwtDT938hN00EEHHXTQQQcddNBBB33JHRO9Q0LtQQ/RBnGUrhhfrSJ628khQQcddNBBBx100EEHHfQQybjInf5zJO9q36Qv+k0QoyVD13RDBtBBBx100EEHHXTQQQcd9NrJiNqTQ64tOVj7Ef33i7Y/QQcddNBBBx100EEHHXTQjy8UtScDjJ7cKp3ci3ZDh7XdMAN00EEHHXTQQQcddNBBB31NyaGlty83jNL7K/f21k7O5oafe/+87Og10EEHHXTQQQcddNBBBz0k9LUVhNKTB6598snc3690+VnbTSxBBx100EEHHXTQQQcddNCX3JHRkiHRJhMs3cEmWrK0NnSDWkAHHXTQQQcddNBBBx100OMkg95tUEa07cv9fXJXJJEmiwQddNBBBx100EEHHXTQQY+WjIvW4ab0/smdfMpdPqL/3qCDDjrooIMOOuiggw466GuCXnr9a+sAsvZBIaWTV7UrpuheQAcddNBBBx100EEHHXTQIw0CiJZcKg0n9/bXruhyVyzROzSBDjrooIMOOuiggw466KALIdYXoAsBuhACdCEE6EII0IUQoAshQBdCgC6EAF0I0IUQoAshQBdCgC6EAF0IAboQAnQhBOhCgC6EeNX4BziIym0b/+cmAAAAAElFTkSuQmCC','ibankingabc@gmail.com',NULL,'2026-01-29 03:05:51','Null'),(12,104,39,'NETS-QR','Pending',20.00,'SGD',NULL,NULL,'0dbw8pdqz04f','iVBORw0KGgoAAAANSUhEUgAAAPoAAAD6CAYAAACI7Fo9AAAMaElEQVR42u3d4XWqMBQAYPbxp7O4gnN0DVfoLPztPD5pfS1CUFGSXPS75/RoxVLEfAlcktAchRAvH41dIAToQgjQhRCgCyFAF0KALoQAXQgBuhACdCFAF0KALoQAXQgBuhACdCEE6EII0IUQoAsBuhAC9DtW1jRFf+b+/1vvj7586c+39Pe59N+X3t7o5Rt00EEHHXTQQQcddNBBB/2ZHbF4QqEwjNwFpTS00strf5/PNgTRyjfooIMOOuiggw466KCDDnpkiNFg5H5/7mRS9ORWbbjRk6eggw466KCDDjrooIMOOuiRd0TuiqN2RRE9WVf7+6idnAQddNBBBx100EEHHXTQQQf98f8XvUPG0vv33QedrL18gw466KCDDjrooIMOOuigP7MjolUkpWHWrghyV1S1v7/c5dOgFtBBBx100EEHHXTQQQd9zdBrTw5pueVrSnaCDrrloIOuIFoOOuiWWw768YWi9KCI0pNRrn0iiOjJ2lcO0EEHHXTQQQcddNBBBx303AVp7vJoBfPZ7audLCo9cUfu5Fnu8vE2yTjQQQcddNBBBx100EEH/SWg506+5IaUG17p/Rl9oo5o5S/yTRxBBx100EEHHXTQQQcd9PeDvvYJ8KOvv3YyLPrknbXLS+QOO6CDDjrooIMOOuiggw466LWTXbkLWu6CEK0irL3/a29fyeQZ6KCDDjrooIMOOuiggw764isPfkOE3MmhtSXTaidXa3/e2slF0EEHHXTQQQcddNBBBx30ktCjTRZYOlmVO3kUDWruiqt0RZ67/Kx29BrooIMOOuiggw466KCDvgrotZMdtSFGH1SytmRotORjtA5MoIMOOuiggw466KCDDjroOWGWrgjWtr21P/+rTfzwSsk30EEHHXTQQQcddNBBBx30pb+Y2l9stMkc3z0ZVhqKQS2ggw466KCDDjrooIMO+itDr11xRCsYS68/+uSTtQe95IYWraICHXTQQQcddNBBBx100EEvmYxbGkbpgpYb9tIFK/oNOWpCqvH/QAcddNBBBx100EEHHXTQayY7aidXanfYiX4DhmgVb7TkW00voIMOOuiggw466KCDDjro0W6ql3tihdo3eYyWHKrd4aV2RRZpkAvooIMOOuiggw466KCDDnruL37tBSfaDR1Kf77oFV/t5CfolaCLWAE66KCDDjrooIMOejH40c7ZQH/timDpimJN5Q100EEHHXQBOuigC9BBr50cy5J8+Ticfvbnx/PPbv/4Tuqtrz397D/b4/6jPR7Oj93vh8Fjf/m197X9bRxu81p+P32OXA1B7eQa6FGhn0C33eunn7bZnh//ns+NdrP/XcfxvI59sz82m8MiP9vTz/HK9naP/c8zfr49v3/qeWqdedZ/7PbVVws66KWgb88FcXvGuf0tmN/P58RmO1rf/lSgm137g3X02AFuB4/T7/sPPbXNa3v+v5L4buVBB70M9KZXCAeQ5hzGb/a91rzXol+APSRgHxKwx+/b7g6jbR0/b8aV1cXzpgcv9bzk+s9/93kAvSb02n2bsw9S2e2TLeSoYN97XrkZtmDNT4t+9ZC8vfPQve0duvcPlROV0+RnSi1v7nj9mb9Pr2f02jHeIKa3uYHDq0Nvv6FPAR+8NuvQ/a/AH07Qu+Ta9qOdeDzcWP73+L293VHI+XH4c/H6CF/zd4QysZ7034/RTm1De+v3/jn64CigO18HHfQCLXq6Zbp4fmcy7qKC+DxUuRTV7v625Xd7Pu7flv4+eeTvrxeMREV6WjfooGeD3g4L8wnmGOy59dlsZx26L4pjbowSjc28fEPidOBWlnz+tjUXuRDQVwI92vjleVn35qIFbqcO4a+00H+X17a/l8GqQU+cRrQPtOgX+2epz/KxHxy+l2nRazd0oFeFPnF4+nX8K4S95e21lm2TSDYFaNF/Qc1q0VOXx855jc8FWvauwtz1OtQcj6CDng/66Ly8D7Pr3TZo2ftZ4tutaPOdjOsum3WXxrZ3P6aXzYOeOBrZzWjRPw7jRN7FvmoSy6cez3/X7Z8rFQXooGdv0ftJoelr45eJu9uX17Z/l9d2z/eMm3fonjgP/tjP/QLGRwVXL9ulHqeuv5+PDkB/fejVOyCkLiOlzsGnCvCgUrg8R091mBn0fhs9Pz/2O87s2segpyqx3cx1dP3rp3IVyU4y4w421y9fNhdHR9E7wOgws2LooxZn6pw6eTg66EyzGbd8Py16D/Xk80GrP+wlNxN6//La7/Y+Mliny0dM9HxLd4KZ6iBz5e82W9BBL9yiT0HvtW6jc9WbLfoyg1oeO3Tv5x+eGJXXgU9cpRg/bideb65UGA3ooOeEnjicvJYl/60YxoelP9AT3TtPf3P4On4PP20/T49f3VDU03u74acXr0+85/P8+tcjldgA067SFYB+ZbHZp6/R7w6g14Je+4Nnnwgg1ankRk+2djNxrjro5rn4teeZ0Sb63c+C3nUcmtkzcN5pxaBVT3SYiTY5Keirhz4T5s1BI1ey+KUi0fusnXHons5HLPRZEkm+7jwddNCzQR+hvQfm13F8qW3q2nG1nnFPZt03qc4yS/WMOyROK7TooGeC3s5JxiUPbXut5Wjiiv8t+r4O9FSvvzlZ94mx+t/755k+791VitTkGaCvB3rpQQVLj0efPdpshGnci27JrPt2d3gAav/S4QzoX9PX0If91Oe83k5NZnFHt9rS5SPyTS9Bnz16bYB07qH25DXiZgA9NXvMjMfz8/uTceMhs7MPvW+O05/fQy49+URTpIUFXYv+VJY8fa7em2FmOEdcv0NMf864qdf/zxk3q0VPdGTZPfLZmslOMcluwcMjpBu96ubsc9BBfxD6Qlnyr3Zy0sZDs08gv6/1fqZFPw6GzM4+Rx+07JeH49sZU1Vd6yc/r/IBvRD0xaHV/n+/2d9e761HE02/ybnL9d01X1wzNX9c21s2bwRb+3kYnzc/m0Tb9MaP3+z91gzemxj1Ntie2jdNfLa8lawIQA90p5b2KJ75fkEHfRXQBeiggy5AX0cyLnpFECl5IvI3LM++/9ny5E4toAvQQQddgA466AL0SNCX3rG1J+QXsZNzrwwZdNBBBx100EEHHfSi45tz39urdEEsnQMBvRD00h1corUYuQtK7f0bvWIsDTXyDRtABx100EEHHXTQQQcddNBL78jayarog3Cid1ha2/auGT7ooIMOOuiggw466KCDDvraklm1k0W1k1PROhjl7kC0tu8XdNBBBx100EEHHXTQQQd9SfjRB5XkTra92v+PnixcOhkcraIAHXTQQQcddNBBBx100EHPmaxb+ovN/UVEm8EmOoSlK7a1JX9fdnJI0EEHHXTQQQcddNBBBz0k9NJfVLRkUO6KMPpkitEm1qhd0eduCEEHHXTQQQcddNBBBx100HNuaHT4a79hQ+2KqPagltwN1dt0mAEddNBBBx100EEHHXTQVwG9dPKldHIw9+eNVrCiT6YYrSKNfPdd0EEHHXTQQQcddNBBB/39oJf+4mono3LfpLB0cq52RfNqN4SIVBGADjrooIMOOuiggw466O8HvXTyrHRyrvQND5aGGO2GDLXL19qSl6CDDjrooIMOOuiggw466JEhRa+Icu+P2p8n9/JoN3VcE2zQQQcddNBBBx100EEHHfToyZhnt3dtN+krPRlj7ckmo1dkVcs26KCDDjrooIMOOuigg/720JdORkSbOCJ6crD2oJnaHU6id5B62bupgg466KCDDjrooIMOOuirhF674NdOzuVOdi1d8UabaCNahySj10AHHXTQQQcddNBBBx30SNDXPlFD7uW198/al+euGGvfZHM1yTjQQQcddNBBBx100EEHfZXQcyfbSifTni0o0QtOtEEkpctP6WQa6KCDDjrooIMOOuiggw56TejRkknRoUVP9kXrcFK6fL7toBbQQQcddNBBBx100EEHHfRj/Zv6lV7/0vsvWsVTGn7piiTSZJGggw466KCDDjrooIMOOujRk3HRode+AUPtQUbRv+/oHYRABx100EEHHXTQQQcddNDXNKgl9+epPchkbZ8v+qCl2uUZdNBBBx100EEHHXTQQQe9ZnJn7QWhdHImWoeZ3Mm4pb//pT9/pA40oIMOOuiggw466KCDDvr7QRdCxAzQhQBdCAG6EAJ0IQToQgjQhRCgCyFAF0KALgToQgjQhRCgCyFAF0KALoQAXQgBuhACdCFAF0K8avwDaiEz9mGwN0kAAAAASUVORK5CYII=','ibankingabc@gmail.com',NULL,'2026-01-29 03:10:09','Null'),(13,105,39,'NETS-QR','Pending',20.00,'SGD',NULL,NULL,'00ubylsvur2p','iVBORw0KGgoAAAANSUhEUgAAAPoAAAD6CAYAAACI7Fo9AAAMTklEQVR42u3d7XWiQBQAUPrxp7XYgnWkDVtILfxNPa4kbkQYVJSZeZj7zsnR9YMF5M7A4zE0RyHE20djFQgBuhACdCEE6EII0IUQoAshQBdCgC6EAF0I0IUQoAshQBdCgC6EAF0IAboQAnQhBOhCgC6EAP2BiTVN0b+5/3/uz786/3PXb/T3l17e3Osv+vYNOuiggw466KCDDjrooINeckWW/qGW/iGjz//aG5baDUf07Rt00EEHHXTQQQcddNBBBz0npNLTX/qHeHV5osGJDi833NrbN+iggw466KCDDjrooIMO+pqgL71hrA1qtIZ0abhrLxgCHXTQQQcddNBBBx100EGXjCt3kUHu5FD05c8NOdr0QQcddNBBBx100EEHHXTQXdQSd0PI/cOXTlbmXv5oUNe+fYMOOuiggw466KCDDjrooJdMBq2tYML77/2+wSFB9z7ooIPufdBBB937oEeGXjuiDQxR+wYStZOHa0v2vXOADjrooIMOOuiggw466KCX/iFzJ0+WbmjWniyqXfBTumGsnQwEHXTQQQcddNBBBx100EEvmSyrnfyqPX/RkmW5odf+/aL9vU0yDnTQQQcddNBBBx100EEPAb10six6Mqx0si13Mqx0Q1j7IqjSHQ3ooIMOOuiggw466KCDDnpO6NEv8oh208DogyNGT+6VhhV9sEnQQQcddNBBBx100EEH/W9DX1uyrvRFDmtLntUuMCr9+63t+6CDDjrooIMOOuiggw466Esm56JNP9rgktHXR/QCpdIdRzQfoIMOOuiggw466KCDDjroNWHl3tBqF2BEKyCqnZyq3RDknn/QQQcddNBBBx100EEHHfRIkN/9IoxoBTql5z96sjLaDSBABx100EEHHXTQQQcddNAjxV8bsL90gUe0ZFjp5GzpZN6fybqDDjrooIMOOuiggw466G8JPTf80htG7uUrvb5qF9yUXp+lGx7QQQcddNBBBx100EEHHfR3Tp4tDXltBTa1G9LoF7Hk3j5LNhSggw466KCDDjrooIMO+t+DHm1wwrXfZDF3cij6DRxqF6CUhgk66KCDDjrooIMOOuigg14Seu0CirUl+6JdxJI7WZu7I4nesIMOOuiggw466KCDDjrooEf64daWzIk22GQ0aLULfqIlJ0sm30APMuKHKB+ggw466KCDLkAHvdiMRz/mFeuCm3v7i7S9gQ466KCDLkAHHXQBOuilkxtFGqqPw+lvf348/+32z/+nvem1p7/9Z3vcf7THw/mx+/dh8Nh//9bn2v48Dud5Lf8+LUethj9aQwN6Kegn0G33+umvbbbnx8vzudFu9r/TOJ6nsW/2x2ZzWORve/o73pjf7rG/POPn2/Pnp56nppln+sduXX21oINeCvr2vCFuzzi3vxvm9/M5sdmOprc/bdDNrv3BOnrsALeDx+nP/Yeemue1Pf/fSHz38qCDXgZ609sIB5Dm7MZv9r3evNejX4E9JGAfErDHn9vuDqN5HT9vxo3V1fOmBy/1vOT0z9/7PIBeE3rp5FrxwRh3+2QPOdqwbxxXDnv06x6s+enRb+6Stw/uure9Xff+rnKicZpcptT7zQOvv/L99HRGrx3L3+Ai+kVRoC/0w7bf0KeAD16btet+2eAPJ+hdcm370U48Hu68f3n8nt9uL+T8OPy7en2Er7nsoUxMJ/39MdqpeWjv/bt/jD7YC+iO10EHvUCPnu6Zrp4/mIy7aiA+D1V+i3Z3mZff+fl4fF766+SZ79/eUBIN6WnaoIOeDXo73JhPMMdgz73PZjtr131RHHNjlGhs5uUbEocDwyz56/PWXOVCQA8KPfoNFuZhaK564HZqF/5GD305vbb9PQ1WDXriMKJ9oke/Wj9LLcvHfrD7/ti0ow0cUrOABvTZ0Cd2T7+Ol42w9357q2fbJJJNAXr0X1CzevTU6bFzXuNzgZ69azB3vYKaAnuMoP9h6KPj8v5G11W3DXr2fpb4fi/afCfjutNm3amx7cOP6ffmQU/sjexm9Ogfh3Ei72pdNYn3px7P3+vWzwsNBeigv9yj95NC0+fGrxN390+vbS+n13avV8bN23VPHAd/7Of+AOO9gpun7VKPU+ffz3sHoNeHHv2GDS/Pf+o0UuoYfGoDHjQK18foqYKZQfXb6Pn5sV84s2ufg55qxHYzp9HV10/lKpJFMuMCm9unL5urvaPaN7R4dfv7s1evrQH6qMeZOl5M7o4Oimk2457vp0fvoZ58Puj1h1VyM6H3T6/9zu8zF+t0+YiJyrd0EcxUgcyN7222oINeuEefgt7r3UbHqnd79GUuanlu172ff3jhqrwOfOIsxfhxO/F6c6PBaEAHPSf0xO7krQzwb8Mw3i39gZ4o7zx95/B1/L78tP08PX51l6KePttdfnr1+sRnPs+vf83Puo8w7SqdAeg3Fpt9+hz97gB6lGRc6RvBZ/+hUkUldyrZ2s3EseqgzHPxc88zo03U3c+C3hUOzawMnHdYMejVEwUzubeP6B0V6ItDnwnz7kUjN7L4pSJRfdbO2HVP5yMWWpZEkq87Tgcd9GzQR2gfgfl1HJ9qmzp3XK0y7sWs+yZVLLNUZdwhcVihRwc904pu5yTjkru2vd5yNHDF/x59Xwd6qupvTtZ94lr97/XzSs17d5YiNXgG6OuBHv0ilnvXo8++2myEaVxFt2TWfbs7PAG1f+pwBvSv6XPowzr1Oa+3U4NZfLaLF6Ss+aIV0BeGPqrgmrurPXmOuBlAT40eM+Px/PzxZNz4ktnZu953r9OfXyGXHnyieaqHBB30J0eYeS55lj5W740wMxwjrl8Q0x8zbur1/2PGzerRE4Usu2eWrZksikmWBQ/3kO5U1fXXOeigZ4K+UJb8q50ctPHQ7BPIH+u9X+nRj4NLZmcfow969uvd8e2Moapu1clfNz6gB4H+ajIi2gD8l+xvr3rr2UTTb3LuenoPjRfXTI0f1/bem3cFW/t5GB83v5pE2/SuH79b/dYMPpu46u3OcM+vbn/ROjbQa0HPHO1RLLk9gQ662yaDDjrooIMO+mILvraGQqwbfu3kXM3tFXQBOuigC9BBB12ADnrp5Er2ghkRGnZp6Et/Puu6Ah100EEHHXTQQQe95PK8Wy129HHUQc/0wy0NYenkR+kCntwwaq//pRvG2sm6aF5ABx100EEHHXTQQQcddNBzQqjdEJSen2jJpNIFJNGStaUbEtBBBx100EEHHXTQQQcd9Jwwl36/Ntza62Pp9RcNcunfr3RyFnTQQQcddNBBBx100EEHPSf0pWGWXnFru+ildDKwdvKqdjIs0kUqoIMOOuiggw466KCDDjrotTfkaBdF1F6+0smr2g1p7YKm2gU9oIMOOuiggw466KCDDjroJZMz0ZIrpZMttQtGlk6mRrsBQu2BQ0AHHXTQQQcddNBBBx100NcEvXQyrvb3oxXkRE+m5oax9sFGQQcddNBBBx100EEHHXTQIyW71jbwRe31V3tgh7XdhLJ0shJ00EEHHXTQQQcddNBBBz0n7LUXRNRentIFL9GSrdE7mtLJQ9BBBx100EEHHXTQQQcd9CUXtPZgerUvuimdHKrdsIJcryEAHXTQQQcddNBBBx100F2P/u4DFdQuKKkNP9oNINYGGXTQQQcddNBBBx100EEHPVIyLlqyLXpyLHfDUbshyZ0srb08uZODoIMOOuiggw466KCDDjroNSGW3jCiF/yUTmbmXv+510fp9Vlz+wEddNBBBx100EEHHXTQQY/ecESbXu2CkXeHUfuGGaCDDjrooIMOOuiggw466CWhR/uhS09v7cmyaBep1G6oSjfUoIMOOuiggw466KCDDjrokZNhSyc7ojUstWHVbihKF9hEL/gBHXTQQQcddNBBBx100EGPDLF0sibaYIrRClLebf1H7xhABx100EEHHXTQQQfd+gf9L0HP/fnSgzuu7YYSpZNna/v9QQcddNBBBx100EEHHXTQQa+XPFlbgc+7NSy11w/ooIMOOuiggw466KCDDnpJ6NGmH20giNI3Tax908toyavag3e+TcEM6KCDDjrooIMOOuiggx4S+rsPBFE7WRQ9+RStIVrb4JGggw466KCDDjrooIMOOuhCiPcL0IUAXQgBuhACdCEE6EII0IUQoAshQBdCgC4E6EII0IUQoAshQBdCgC6EAF0IAboQAnQhQBdCvGv8A8SRhkF0pznKAAAAAElFTkSuQmCC','ibankingabc@gmail.com',NULL,'2026-01-29 03:17:30','Null'),(14,106,39,'NETS-QR','Paid',20.00,'SGD',NULL,NULL,'0cv1dllznjha','iVBORw0KGgoAAAANSUhEUgAAAPoAAAD6CAYAAACI7Fo9AAAMe0lEQVR42u3d4XWqMBQAYPbxp7O4gnN0DVfoLPztPD5tfS1CUFGSXPC753iwWhUxXwKXJDRHIcTqo7EJhABdCAG6EAJ0IQToQgjQhRCgCyFAF0KALgToQgjQhRCgCyFAF0KALoQAXQgBuhACdCFAF0KA/sCbNU3R273Pn3t95/68V5+fe/1yb5+pry+9vtHLN+iggw466KCDDjrooIMO+isbYvaEQuaCVbqglF7/3BVPtO3x6vaJVr5BBx100EEHHXTQQQcddNAjF+TcyZLaybfaybzcBXNpcGuXb9BBBx100EEHHXTQQQcd9CVBrw2j9vpHT8blrqhLlwfQQQcddNBBBx100EEHHXTQ8w1aiZ4cWloycu7fP9r7gw466KCDDjrooIMOOuigG9RSL1lS+/Nyb/+lQSk9KMWgFtBBBx100EEHHXTQQQd9ydCjTQ7pec9HSnaaBRZ0z4MOuoLmedBB97znQc8JvXZE76Ay9fW1k2XRL9gw9++15gAddNBBBx100EEHHXTQQc9dkHInS+auGEq/X7Tk6NIn5sg96Gk1yTjQQQcddNBBBx100EEHPQT00h0ESkMovT2iTZYYbaKOuX+P0g3Xq+UZdNBBBx100EEHHXTQQQc9MrylT/5Xu4NN7WRktEFQc1ccNTvsgA466KCDDjrooIMOOuigL20QROkOI6ULSu3JEWtPllm7Q1PNAB100EEHHXTQQQcddNDfD/rcyZnSBSX6II/aF6ksXbHOvf2yYwo0GSTooIMOOuiggw466KCDDnr0ZFvtgp07mVk7WRqtQ0tpiJEv4gg66KCDDjrooIMOOuiggx4NYu2JL+ZORpbePrUn98y9PaInR0EHHXTQQQcddNBBBx100Gsm40pPkB/tAhK1v/+7TfywpuQb6KCDDjrooIMOOuiggw566eRdtEEc0Qa11O6wk3v7R+9w9TaDWkAHHXTQQQcddNBBBx30RUJf2kQRuX/43MnApa9/7e9TumIAHXTQQQcddNBBBx100EGvCb32hlz7RQ9zb//S26d0eYv+eaCDDjrooIMOOuiggw466DmTY9Ei+iCT6LDnrjhLJ1+jbV/QQQcddNBBBx100EEHHfSS0HNPHBC9IC1tMsbaHZBKl9fa5R900EEHHXTQQQcddNBBB33O5ES0Dhal4UQb5FIaUjSI0bYH6EGgi9hnRUAHHXTQQQcddNBBD/PD1b5onlhXRbC0DlCggy5ABx100EEHHXTQQa/5w9SeqCL5+o/D6ba/LC+33f75L915v/Z023+2x/1Hezxclue/D71l9/lb/9d217G/zkv5+/Q95io/S5+sE/RS0E+g2/PydGub7WX5d39qtJv973scL++xb/bHZnOY5bY93Y431ve87H6f4f3t5f/H7qfeM8/7H8/b6qsFHfRS0LeXgri94Nz+Fszv+1Nisx283/5UoJtd+4N1sDwDbnvL8f/7Dz21zku7/7+S+G7lQQe9DPSmUwh7kKbsxm/2nda806JfgT0kYB8SsIf/t90dBus6vN8MK6ur+00HXup+yfe/vO7zAHok6NEHnUyuWHb7ZAs5KNiPHldu+i1Y89Oi39wlbx/cdW87u+7dXeVE5TT6nVLPNw88/srr0+8zeOx4DF+e5m6IQC/0Q7Xf0MeA9x6btOv+V+APJ+jn5Nr2ox1ZHu48/7f8Xt/zXshl2b9dPT7A1/ztoYy8T/r1Q7Rj69De+7t7jN7bCzgfr4MOeoEWPd0yXd1/MBl3VUF8HqocNrW7v3X5XZ+Px9elu02eef3tgpSoSE/vDTro2aC3/cJ8gjkEe2l9NttJu+6z4pgag0RjMy3fkDgcuJcln75uzVUuBPSFJOMWN3HDFYbmqgVux3bhb7TQf6fXtr+nwapBTxxGtE+06FfbZ67v8rHv7b6XadFzJ39Lwgd9MvSR3dOv418h7Dzf3mrZNolkU4AW/RfUpBY9dXqs+Tkk+JyhZT9XmLtOh5rjEXTQ80EfHJd3YZ57t/Va9m6W+H4r2nwn486nzc6nxrYPL9PPTYOe2BvZTWjRPw7DRN7VtmoSz48tL687b58bFQXooGdv0btJofFz49eJu/un17Z/p9d2r/eMm7brnjgO/thP/QGGewU3T9ullmPn3y97B6DXh577i5YepJDOuj/QeWOsAPcqhetj9FSHmV7vt8H9y7LbcWbXPgc9VYntJr7HuX/9WK4i2Ulm2MHm9unL5mrvaG0X3VxMMu4doA9anLFj6uTuaK8zzWbY8v206B3Uo/d7rX6/l9xE6N3Ta7/r+8xgnXM+YqTnW7oTzFgHmRuv22xBB71wiz4GvdO6DY5V77bo8wxqeW7XvZt/eGFU3hl84izFcLkdeby5UWE0oIOeE3pid/JWlvy3Yhjulv5AT3TvPL3m8HX8Hn7afp6WX+ehqKf/PQ8/vXp85H8+L49/Tc+6DzDtKp0B6FYWm336HP3uAHqUZFzpL559IoBUp5I7Pdnazcixaq+b5+znnidGm+h3Pwn6uePQxJ6B0w4req164rCi9iATPeNWB30izLuDRm5k8UtFovdZO2HXPZ2PmOm7JJJ8qV6HoIM+G/QB2kdgfh2Hp9rGzh1X6xn3YtZ9k+osM1fPuEPisEKLDnom6O2UZFxy17bTWg4mrvjfou/rQE/1+puSdR8Zq/+9fV7p834+S5GaPAP05UAvPajg5ffbDbPkk3ZPB5iGvejmzLpvd4cnoHZPHU6A/jV+Dr3fT33K4+3YZBafbfbkWLSLcIJeEPqgB9fUXe3Rc8RND3pq9pgJy8v9x5NxwyGzk3e9747Tn95DLj35RPNUCw066E+16M9mydPH6p0ZZvpzxHU7xHTnjBt7/P+ccZNa9ERHlt0z360Z7RST7Bbc30O606uuu81BBz0T9Jmy5F/t6KSNh2afQP5Y6/1Ki37sDZmdfIzea9mvd8e3E6aqutVP/rryAT0I9Nmh1f683+xvp/fWs4mm3+Tc9fs9NF9cMzZ/XNt5btoItvbzMDxufjWJtumMH7/b+63p/W9i1NuLE1mUvihjpA40oAe6Mkt7FCXLH+iguwQT6KCDLkB/Y+hzT5ZXe6IA8NcFO/dFEN/mIougC9BBB12ADjroAvRFQI9WMUjOSba9C2TQQQcddNBBBx100Isew5cueLkLZrTtB3qlGrZ0ciU3rOgQSw8KWtvvMXf5Xu3EE6CDDjrooIMOOuiggw76IpJxpQtu7mRR9IKe+/tFS0YuvYPV24xeAx100EEHHXTQQQcddNCLQC9d8EoXzNrJuGhQcld0pbdP6QswrPZqqqCDDjrooIMOOuiggw56yGRc7dFhaxv0Ea0g1h4UlHtiidzfB3TQQQcddNBBBx100EEHvST00smi6Mm0aBVdtO9TO7m2tt8fdNBBBx100EEHHXTQQX9v6KUHeZROBi1tMsXokzNGh196MsjVXmQRdNBBBx100EEHHXTQQQ8BvXRBqT15Ye2KY+2DeEpXtNE7NIEOOuiggw466KCDDjrooJfckLk/P3dFtfRBFNEnU8z9e+R+v6L2QAcddNBBBx100EEHHXTQX9xQtS+QkBtO6WRP6QtWvNvvE61hAx100EEHHXTQQQcddNDfG3rt5EvpglC6Iitdka6poC8hufg2F1kEHXTQQQcddNBBBx100KtAj34Bhdrfb+7PK/19cj8f7aKOpZOToIMOOuiggw466KCDDjroNWFES86VvuVODtUe1BFt8tClJ5NBBx100EEHHXTQQQcddNBzwpq7YJeGvraKKdrvW7siir69QQcddNBBBx100EEHHXTQl5xMKw2/9ufnrkhrd4gpnZzMXVGBDjrooIMOOuiggw466KBHTg6Vvgjh2pI7S5s4o/bvmzsZvNrRa6CDDjrooIMOOuiggw56SOi5k23RKp6lT74YbRBJ6fJTuqICHXTQQQcddNBBBx100EGvCT16Mil3wZ87mRS9YltaQ2FQC+iggw466KCDDjrooIMO+nKSU7WTS7Unjqg9GeXSk8U1JyoBHXTQQQcddNBBBx100EGvDT3359eejDJa8i53+SgNa2mThYIOOuiggw466KCDDjrooEdKduROJpVOzkQbhDH39op+0clo5Rl00EEHHXTQQQcddNBBBz1ScinaBRBqQ527Isxdsa4tGTf39wcddNBBBx100EEHHXTQQT8KIVYfoAsBuhACdCEE6EII0IUQoAshQBdCgC6EAF0I0IUQoAshQBdCgC6EAF0IAboQAnQhBOhCgC6EWGv8AwmAdKeHT0UMAAAAAElFTkSuQmCC','ibankingabc@gmail.com','2026-01-28 19:25:12','2026-01-29 03:25:03','Null'),(15,107,39,'NETS-QR','Pending',1.50,'SGD',NULL,NULL,'0mptjo0o59xg','iVBORw0KGgoAAAANSUhEUgAAAPoAAAD6CAYAAACI7Fo9AAAMcklEQVR42u3d4XWqMBQAYPbxp7O4gnN0DVfoLPztPD5pfS1CUFFIbvS75/Rgq1LEfAlcQtIchRAvH41dIAToQgjQhRCgCyFAF0KALoQAXQgBuhACdCFAF0KALoQAXQgBuhACdCEE6EII0IUQoAsBuhAC9DtW1jRZf279/6W3f+7/W3p7lt7+pb/Ppd+fe3ujl2/QQQcddNBBBx100EEHHfQ1C+bS6y9dsEsXlKX3V+mKbOnvY+n35y7foIMOOuiggw466KCDDjrokb64aAWv9PrWfn/0ijU33NLlG3TQQQcddNBBBx100EEHvSbopQtS7opi7e0tDSU37LW3D3TQQQcddNBBBx100EEHHfTX6ZCR+6aKaB2G1q7YJeNABx100EEHHXTQQQcd9HeCHq0iyX1Tydrvr+2mnmjJuOjlG3TQQQcddNBBBx100EEHPWeypfaBFjz/Xs8bHBJ0z4MOOuieBx100D0PemTopSNah4zcyaXcE1jkTuatnax95QAddNBBBx100EEHHXTQQV+6IEQbmCJ3Qc2dHMoNK/pgjTVXhKCDDjrooIMOOuiggw76+0EvPfF96eRcNIhLJ9+iDdSRO9mYe3+ADjrooIMOOuiggw466KDnhJc7Wbd2QYg2CWS0SRlzV4TRykvJZC/ooIMOOuiggw466KCDDvqrJ2dyJwOjdXCJVjHl3l81Beiggw466KCDDjrooIP+ftCXTs6UTnaVHryydIeM0gNnvFp5eJlkHOiggw466KCDDjrooIP+EtBrv6kg+qR+rz5wRG3lMff7QQcddNBBBx100EEHHXTQIyXrnv2il97+6Mm82pKhuSvm6Dc5gQ466KCDDjrooIMOOuig50x+1FYRRJ/kcOnvq3SHkWiDW0ZKvoEOOuiggw466KCDDjrooOdOxtXe4aP0TS617a/aXv82N7WADjrooIMOOuiggw466FVCj3aTwqsl+3JP+rj295G7Q0zphgt00EEHHXTQQQcddNBBB70m6LV1aIg++GH0iqqmDikl/h/ooIMOOuiggw466KCDDnrOgl26oJceiKD2SQLXTuaVLi/RBkIBHXTQQQcddNBBBx100EFf84tdOjlVemCFaINJ5t4/0ZKra1eskW5yAR100EEHHXTQQQcddNBBX/v9rz64oIEfYlcspSeIAD1g1lPEy+qDDjrooIMOugD9jaHnhl16UkIRC/rSDcHS5aVkeQIddNBBBx100EEHXYAOeu7kV5ZJCj8Op5/9eXn+2e0f3+je+trTz/6zPe4/2uPhvOx+PwyW/eevva7tb+Nwm2v5/fQ51oKYu4NWSfigz3n/CXTbLU8/bbM9L/8ez412s/9dx/G8jn2zPzabwyI/29PP8cr2dsv+5xk/3p5fP/U4tc511n/s9tVXCzrouaBvzwVxe8a5/S2Y34/nxGY7Wt/+VKCbXfuDdbTsALeD5fTr/kNPbXNtj/9XEt+tPOig54He9ArhANKcw/jNvtea91r0C7CHBOxDAvb4ddvdYbSt48fNuLK6eNz04KUe51z/+X2fB9AjQY92U8XTO3a3T7aQo4J973nlZtiCNT8t+tVD8vbOQ/e2d+jeP1ROVE6Tnyn1fHPH3595f3o9o78d49/EtLQP0DNBb7+hTwEf/G3WoftfgT+coHfJte1HO7E83Hj+b/m9vd1RyHk5/Ln4+whf83eEMrGe9PvHaKe2ob31e/8cfXAU0J2vgw56hhY93TJdPL4zGXdRQXweilyqand/2/K7PR/3b0t/nzzy/usFI1GRntYNOuirQW+HhfkEcwz23PpstrMO3RfF8dBnG2Cak29InA7cypLP37bmIhcCelDoa0NcPRlzgaG5aIHbqUP4Ky303+W17e9lsGLQE6cR7QMt+sX+WeqzfOwHh+/3rTta+SsJH/TZ0CcOT7+Of4Ww93x7rWXbJJJNAVr0X1CzWvTU5bHm55Tgc4GWvaswd70ONRWWP9Argj46L+8Xuq5326Bl72eJb7eizXcyrrts1l0a2969TD83D3riaGQ3o0X/OIwTeRf7qkk8P7U8v6/bP09UFKCD/nSL3k8KTV8bv0zc3b68tv27vLZ7vmfcvEP3xHnwx37uFzA+Krh62S61nLr+fj46AL089No6IMz+YlKXkVLn4FMFeFApXJ6jpzrMDHq/jR6fl/2OM7v2MeipSmw3cx1d//qpXEWyk8y4g831y5fN9NFRBeXzZZJx7wB91OJMnS8mD0cHnWk245bvp0XvoZ58PGj1h73kZkLvX1773d5Hbtbp8hETPd/SnWCmOshced9mCzromVv0Kei91m10rnqzRV/mppbHDt37+Ycn7srrwCeuUoyX24m/N1cqjAZ00NeEnjicvJYB/q0YxoelP9AT3TtP7zl8Hb9vP20/T8uv7lbU02u7208v/j7xms/z37/mZ91HmHaFrgD0K4vNPn2N/oFtAz1I8i38YI+pTiU3erK1m4lz1UE3z8WvPc+MNtHvfhamruPQzJ6B804rBq164rSi9E0moL8c9Jkwb940ciWLnysSvc/aGYfu6XzEQp8lkeRLnaeDDvpi0Edo74H5dRxfapu6dlysZ9yTWfdNqrPMUj3jDonTCi066CtBb+ck45KHtr3WcjRwxf8WfV8GeqrX35ys+8S9+t/755k+791VitTgGaCXg567Isg+qeNunCWfdXg6wjTuRbdk1n27OzwAtX/pcAb0r+lr6MN+6nP+3k4NZvHZrv59h7upCvR80Ec9uOYeak9eI24G0FOjx8xYnh/fn4wb3zI7+9D75n3683vIpQefaB5qoUEH/aEW/dEsefpcvTfCzHCMuH6HmP6YcVN//z9m3KwWPdGRZffIZ2smO8UkuwUPj5Bu9Krr73PQQV8J+kJZ8q92ctDGQ7NPIL+v9X6mRT8ObpmdfY4+aNkvD8e3M4aqutZP/rLyAT1IMm7tZNnaX9x09rfXe+vRRNNvcu5yfXeNF9dMjR/X9p6bdwdb+3kYnzc/m0Tb9O4fv9n7rRm8NnHX25MDWUSbzz1ncg70QDOztEeR84gSdNBNwQQ66KAL0EFfDUq0AfpFXbDXbohyN3Sggy5ABx100EEHHXTQQY+UvChdUYi6km2vDBl00EEHHXTQQQcd9EXP8Uv3M8idk4j+/0APmpwrPeld6S9u6c8XrUNI7g4tpSvGt51NFXTQQQcddNBBBx100EEvAn3tHRmt4JYeSGPt53MnS6NdRakZPuiggw466KCDDjrooIP+ftBzT4JYukNL7oK7drIpWsUUPdn6tsk40EEHHXTQQQcddNBBB70K6NGTOaVvMomeTFq7YlgbSunv/20nWQQddNBBBx100EEHHXTQq4AeLRkXPbmVe/9Gqwhru+mkpkkXQQcddNBBBx100EEHHfT3g176pozSN8HkTiZGqyijJTfXTpaVTpaCDjrooIMOOuiggw466KCXTNbVNhDF0v+vtg4pa3/e3B2Ycid7QQcddNBBBx100EEHHXTQc0KONltpbRMcRC5YayTHlv4+o08KCjrooIMOOuiggw466KCDXnNyLfrAELWvb+nkY+7vL/frI1UEoIMOOuiggw466KCDDvr7QS/dwSN3MrA0xKX/X22Da9YGv2SyFHTQQQcddNBBBx100EEHvfSkeqULztr7Y+mCmbvii14xRqtIQAcddNBBBx100EEHHXTQIyW/osONPnBC7sE7l674ole0kQN00EEHHXTQQQcddNBBBz138mLtwRDXTt6U3v7SHT5yf/7cFfnbzKYKOuiggw466KCDDjrooFcJPXfyL/cEC6WTfWtXPNFh5k62mWQRdNBBBx100EEHHXTQQY8EPXryYm34uf9fbRNERJ8UsnQHomqScaCDDjrooIMOOuiggw56ldDXTrYtXfCiD4ywNMzcUEvfJJK7ogEddNBBBx100EEHHXTQQY8MPdpACLmTj7nhRLtJI9okmdH2J+iggw466KCDDjrooIMO+itDj9bBIfoklGvvz9LJqtom8QQddNBBBx100EEHHXTQQX/lZFztkwhGG1gjWvKsdMUMOuiggw466KCDDjrooINeE/Tc6197IIWlC2rpwRlz77/oA3NEK8+ggw466KCDDjrooIMOOuglkxfRCkI0qKWTT9EqltorbtBBBx100EEHHXTQQQcd9KMQ4uUDdCFAF0KALoQAXQgBuhACdCEE6EII0IUQoAsBuhACdCEE6EII0IUQoAshQBdCgC6EAF0I0IUQrxr/AAZTNhBt/lAnAAAAAElFTkSuQmCC','ibankingabc@gmail.com',NULL,'2026-01-29 03:40:39','Null'),(16,108,39,'NETS-QR','Pending',1.50,'SGD',NULL,NULL,'0ha36mh9fu7b','iVBORw0KGgoAAAANSUhEUgAAAPoAAAD6CAYAAACI7Fo9AAAMgklEQVR42u3d4XWqMBQAYPbxp7O4gnN0DVfoLPztPD5pfS1CUFFyE/S75/Ro1VKEfAlcktAchRAvH41NIAToQgjQhRCgCyFAF0KALoQAXQgBuhACdCFAF0KALoQAXQgBuhACdCEE6EII0IUQoAsBuhAC9DsW1jShP7f+/9LrV/r/Pbv9c+/Ppf8+en1rL9+ggw466KCDDjrooIMOOujPbIjFEwpPwqu9oCwNd+mKKvf2zr0/cm/Pmv2ADjrooIMOOuiggw466KDnTu6ULni1LS+6oNee7Ft6e5Yu36CDDjrooIMOOuiggw466GuCXroglYZdentGl4/ak5Oggw466KCDDjrooIMOOuigx63P2iCUHFSRY3uXXj7ooIMOOuiggw466KCDDrpBLeUmgoieeKG2iStqg1K6w1F0+QYddNBBBx100EEHHXTQQc9ZUEpP1uh9779LMhR073sfdNC9733QQfc+6O8HvXSUTqbVlqxbevuVTublTva9coAOOuiggw466KCDDjrooOcu2LmTKUsXtKX/vnQyKHrijuj9HT3o6WWScaCDDjrooIMOOuiggw56FdCjB9rXNogld3JwbcnO3Mm/6GRj9PYAHXTQQQcddNBBBx100EFfckOWTp5EF4TSycTc36f0DTaiB0Hl3j6RFTvooIMOOuiggw466KCDDvqrJ2fWXjCjk0+1TXZZMjkWnkgFHXTQQQcddNBBBx100N8O+tLJmaULWjTc2pKR0QW3tkE1pcvDyyTjQAcddNBBBx100EEHHfSXgL72QQVru6lf6Ykenk2OLQ3hnW/iCDrooIMOOuiggw466KCDHp2si64Iaiv4tU1emHvQh4oMdNBBBx100EEHHXTQQQc9Llm29uRX6Ykili6otXUYqe2GDDUl30AHHXTQQQcddNBBBx100KOTcWtP5i39/0vDyV0Rre3zbzOoBXTQQQcddNBBBx100EFfJfTaBilEJ3NKTyyx9u1TuqEoXZGADjrooIMOOuiggw466KDnhF46mbL2GwhEF9To77OmDikl/h/ooIMOOuiggw466KCDDnpksqP2Dg61J49qq0ij90fpirF0chB00EEHHXTQQQcddNBBB71kwa99YoXc65e7IObeH9HJrujJMEsOcgEddNBBBx100EEHHXTQQa+tolj6/9U2mWP098vdQWTtyd3c5Qf0CrOeonyADjrooIMOugAd9LAvHn1OKtYN99VuEAI66KCDDjrooIMOOuigg75kcit6cr4sO/LjcPrZnx/PP7v94yvdW157+tl/tsf9R3s8nB+73w+Dx/771z7X9tdxuM5r+f30PXKVv9IVyWonh3x56CfQbff66adttufHv+dzo93sf5dxPC9j3+yPzeawyM/29HO8sr7dY//7jJ9vz5+fep5aZp7lH7tt9dWCDnoU9O25IG7POLe/BfP7+ZzYbEfL258KdLNrf7COHjvA7eBx+nP/oafWeW3P/1cS36086KDHQG96hXAAac5h/Gbfa817LfoF2EMC9iEBe/y57e4wWtfx82ZcWV08b3rwUs8jl3/+u88D6DUl46KTc9kHhez2yRZyVLDvPa/cDFuw5qdFv3pI3t556N72Dt37h8qJymnyO6Xeb+54/Zm/Ty9n9NoKyxPoK4HefkOfAj54bdah+1+BP5ygd8m17Uc78Xi48f7f4/f6dkch58fhz8XrI3zN3xHKxHLSfz9GO7UO7a3f++fog6OA7nwddNADWvR0y3Tx/M5k3EUF8Xkocqmq3f2ty+/6fNy/Lv1t8sjfXy84iYr0tGzQQc8GvR0W5hPMMdhz67PZzjp0XxTH3BglGpt5+YbE6cCtLPn8dWsuciGgVwK9dIeExXfUBYbmogVupw7hr7TQf5fXtr+XwYpBT5xGtA+06BfbZ6nv8rEfHL7ft+zo5HDNHWpAnw194vD06/hXCHvvt9datk0i2VRBi/4LalaLnro8ds5rfC7QsncV5q7XoabCq0CgvxD00Xl5v9B1vdsGLXs/S3y7FW2+k3HdZbPu0tj27sf0e/OgJ45GdjNa9I/DOJF3sa2axPtTj+e/67bPExUF6KA/3aL3k0LT18YvE3e3L69t/y6v7Z7vGTfv0D1xHvyxn7sDxkcFVy/bpR6nrr+fjw5ALw89ejLCpSuWeS36lc4bUwV4UClcnqOnOswMer+Nnp8f+x1ndu1j0FOV2G7mMrr+9VO5imQnmXEHm+uXL5vpo6MKylfNg6hAf7hFPxfMqfPF5OHooDPNZtzy/bToPdSTzwet/rCX3Ezo/ctrv+v7yGCdLh8x0fMt3QlmqoPMlb/bbEEHPbhFn4Lea91G56o3W/RlBrU8dujezz88MSqvA5+4SjF+3E683lypMBrQQc8JPXE4eS0D/FsxjA9Lf6Anunee/ubwdfweftp+nh6/uqGop892w08vXp/4zOf59a/5WfcRpl2hKwD9ymKzT1+jf2DdQM8EvfSN7xffkKlOJTd6srWbiXPVQTfPxa89z4w20e9+Fqau49DMnoHzTisGrXritKL0IJO36TDzPtBnwrw5aORKFj8qEr3P2hmH7ul8xELfJZHkS52ngw76YtBHaO+B+XUcX2qbunZcrGfck1n3TaqzzFI94w6J0wotOuiZoLdzknHJQ9teazmauOJ/i74vAz3V629O1n1irP739nmmz3t3lSI1eQbo5aA/C7H0TQxv7ojdOEs+6/B0hGnci27JrPt2d3gAav/S4QzoX9PX0If91Oe83k5NZvHZZt/fpQe9gF4Q+qgH19xD7clrxM0Aemr2mBmP5+f3J+PGQ2ZnH3rfHKc/v4dcevKJJkuWG3TQJ2aYeSx5lj5X780wM5wjrt8hpj9n3NTr/+eMm9WiJzqy7B75bs1kp5hkt+DhEdKNXnX9bQ466JmgL5Ql/2onJ208NPsE8vta72da9ONgyOzsc/RBy355OL6dMVXVtX7yl5UP6JUk46KTb0vvuOnsb6/31qOJpt/k3OXy7povrpmaP67tvTdvBFv7eRifNz+bRNv0xo/f7P3WDD6bGPX25EQW0TdZjL5pKOgrqHG/sR1F5BEl6KC7JRPooIMuQAe92A0asifjxKph526IDGoBXYAOOugCdNBBF6CvGXptN2GUnHvtZNsrQwYddNBBBx100EEHPXSOsOiCF729c+dAQA+CXhpibTeury05GH2DjNLb99X3B+iggw466KCDDjrooIMOeslkXe7kX23JnehkV+3Ju9Lru2b4oIMOOuiggw466KCDDvr7QY/eEGsriLVDrS0ZuvT+LZ0MfJlkHOiggw466KCDDjrooIO+CuhrS5bUNpqt9PaJ3p+lJ1+sfVAS6KCDDjrooIMOOuiggw56JPzaduzaK47a4C29/qWTv2trOEAHHXTQQQcddNBBBx3094ZeeiKIaPhrn9yw9CCg0hVz6f0RmZwDHXTQQQcddNBBBx100EGvbRBIbRNJ1DYIp3RFVfoGCbUle0EHHXTQQQcddNBBBx100HNuqNrvVpo72fVOgyhyJMdyl8fo5YWWbdBBBx100EEHHXTQQQf97aDnTk7lTvZEJwujP197RVP7DSGik7uggw466KCDDjrooIMOOug1JeeikzXR36f0xBO1Ta5YOjkYXfFFJidBBx100EEHHXTQQQcd9PeDnjt5VHOHhBLbI7ogl05W1pYsM6gFdNBBBx100EEHHXTQQa8Zeu3JmKUL6tpv0ljbDQ6iK47SFW1o2QYddNBBBx100EEHHXTQ3x760smI6A4L0VBKr3/0/y+9/3Jvv7e9myrooIMOOuiggw466KCDvkropZNR0fBrTwbVdtPK2pJtSzdckck80EEHHXTQQQcddNBBB/39oNeWvCh908alP1/794n+/9EV1ZpvqAE66KCDDjrooIMOOuigg5472VZ7si53RRSdDFr7DQ1qm9wRdNBBBx100EEHHXTQQQe9JPTSExHkXv/cyczSyc/a99/atyfooIMOOuiggw466KCDDjroy+3o6ORN7RVPbcmq2pPFoIMOOuiggw466KCDDjro7wS9tkEypW9CWVsy6dUr/pIVAeiggw466KCDDjrooIMOeulkR22THUYX9NwVdW44pZf/Ssk70EEHHXTQQQcddNBBBx302iaHLL380lBzwy6drFxb8vRlknGggw466KCDDjrooIMOepXQhRB1BuhCgC6EAF0IAboQAnQhBOhCCNCFEKALIUAXAnQhBOhCCNCFEKALIUAXQoAuhABdCAG6EKALIV41/gGNaVLlQepwswAAAABJRU5ErkJggg==','ibankingabc@gmail.com',NULL,'2026-01-29 03:44:29','Null'),(17,109,39,'NETS-QR','Pending',1.50,'SGD',NULL,NULL,'00ja5bbicqos','iVBORw0KGgoAAAANSUhEUgAAAPoAAAD6CAYAAACI7Fo9AAAMb0lEQVR42u3d25WqMBQAUPrx01pswTqmDVuYWviderw6451BCGqUvHCftWbh9XURshM4JKE7CiFWH51NIAToQgjQhRCgCyFAF0KALoQAXQgBuhACdCFAF0KALoQAXQgBuhACdCEE6EII0IUQoAsBuhAC9Ae+rOuy/t37/5de31f/v9jPp3499/aJ/Xzu9a29fIMOOuiggw466KCDDjrooC9ZcFN/f2rotReU1iuS1HCX/nzu8g066KCDDjrooIMOOuigg17Tjqs9OVZbxZS6oNee7FsaVunyDTrooIMOOuiggw466KCD3hL00gUpd0WRe31Tw0qdHM2dnAQddNBBBx100EEHHXTQQQe9noJcG4TSgy5yQ069/qCDDjrooIMOOuiggw466Aa15INQ244vDTH3/stdkdZevkEHHXTQQQcddNBBBx100HMmW1qfaMHr7/W6ySFB9zrooIPuddBBB93roNcMvXSkTubUlmyrLRlXsiCX2P9N2QAddNBBBx100EEHHXTQQU8MI/b1V3d87TcNbK3D0NL7r3RFXHNFCDrooIMOOuiggw466KC/H/TWki+ld2Tpm/yVLqily0vpZGzq/Qs66KCDDjrooIMOOuigg97yBPi5b/BQW/Kw9htslF7f0vsfdNBBBx100EEHHXTQQQc9ZXKidDKjtg4jpdd36Yo7dzKr9P6tOUAHHXTQQQcddNBBBx3094Nee8HKXVGlTkaWTs7lrmhL37SwthtugA466KCDDjrooIMOOuig15xsqa2iyX1Tv9o6+NRWsdc+KKfZGWZABx100EEHHXTQQQcd9Cagpy7IrU0mWfr31H4Twdr3b+3JQtBBBx100EEHHXTQQQcd9JwbLnfyK3cyr3RyqPYbRqROLtaebAUddNBBBx100EEHHXTQQV9TMq72DixLw8sNJ/X2aO39bzOoBXTQQQcddNBBBx100EFfBfTSyb7cyZPaOsSkTp7W1uGktvIBOuiggw466KCDDjrooINeEnptNyBIXdBau4FAbb+npQ4pJf4/0EEHHXTQQQcddNBBBx30lFBq2zGt3UAhd/Itd0Vb+vfkTn6CDjrooIMOOuiggw466KDXDL21yQ9zVwRLJ4daqwjevWIFHXTQQQcddNBBBx100EHPWbBaKzi5kzmlk5OlK5rSE2WAvhLooq4AHXTQQQcddNBBB72aDd/aIApRFnprOYes2wp00EEHHXQBOuigC9BBLzzIIEly7uNw+ttflpe/3f75lR58X3/623/2x/1Hfzxclud/H0bL4eu33tcP13G8zq38+/Q7SpW/0q+DXgr6CXR/Xp7++m57Wf49jo1+s//9juPlO/bd/thtDov8bU9/xxvre14Of8/08fby/rnHoe9M8/3H87b66kEHPRf07aUgbi84t78F8/txTGy2k+/bnwp0t+t/sE6WZ8D9aDn/vv/QQ+vc2uP/lcR3Kw866Hmgd4NCOIIUcxi/2Q9a80GLfgX2EIB9CMCevm+7O0zWdfq4m1ZWV4+7AbzQ45zff/nc5wH0ktBTJ8dyDzKZxG4fbCEnBfvR88rNuAXrflr0m4fk/YOH7v3g0H14qByonGZ/U+j17oHnX/l8+Hsmz62gPIFe6Y7pv6HPAR89F3Xo/lfgDyfo5+Ta9qOfWR7uvP63/F7f81HIZTn+u3p+gq/7O0KZ+Z7w56do59ahv/fv4Tn66CjgfL4OOugZWvRwy3T1+MFk3FUF8Xkocqmq3/2ty+/6fDy+LsNt8sznbxecQEV6+m7QQU8GvR8X5hPMKdhL67PZRh26L4ojNiaJxi4u3xA4HbiXJY9ft+4qFwJ6ox1mapso4XbWvbtqgfu5Q/gbLfTf5bXt72WwYtADpxH9Ey361fZZ6rd87EeH7499d+7kcM3wQY+GPnN4+nX8K4SD1/tbLdsmkGyqoEX/BRXVoocuj3U/pwSfC7Ts5wpzN+hQU+FVINBXBH1yXj4sdOfebaOWfZglvt+Kdt/JuPNls/Olse3Dy/BrcdADRyO7iBb94zBN5F1tqy7w+tzy8rnz9nmhogAd9Jdb9GFSaP7a+HXi7v7lte3f5bXd6z3j4g7dA+fBH/vYHTA9Krh52S60nLv+fjk6AL0+6EtDTD2xwN3Phy4jhc7B5wrwqFK4PkcPdZgZ9X6bPL4shx1ndv1z0EOV2C7yO8796+dyFcFOMtMONrcvX3bzR0cJymfu8tdsMm6N0Cctztz5YvBwdNSZZjNt+X5a9AHq2cejVn/cSy4S+vDy2u/6PjNY55yPmOn5Fu4EM9dB5sbnNlvQQc/cos9BH7Ruk3PVuy36MoNanjt0H+YfXhiVdwYfuEoxXW5nnu9uVBgd6KCnhB44nLyVAf6tGKaHpT/QA907T585fB2/h5/2n6fl13ko6um95+GnV8/PvOfz8vxXfNZ9gmlX6ArAsLLY7MPX6J9YN9DfJBn38oYOdSq505Ot38ycq466eS5+7Tky+kC/+yhM545DkT0D404rRq164LSi9CAT0FcHPRLm3UEjN7L4uSLQ+6yPOHQP5yMW+i2BJF/oPB100BeDPkH7CMyv4/RS29y142I9417Mum9CnWWW6hl3CJxWaNFBTwS9j0nGBQ9tB63lZOKK/y36vgz0UK+/mKz7zFj97+3zSp/381WK0OQZoJeD/irE0jcxvLsjdtMsedTh6QTTtBfdkln37e7wBNThpcMI6F/z19DH/dRjnu/nJrP47JPv7+KDqEAvB33Sgyv2UHv2GnE3gh6aPSZieXn8eDJuOmQ2+tD77jj9+B5y4cknukWu8oAO+kMt+rNZ8vC5+mCGmfEcccMOMcM54+ae/z9nXFSLHujIsnvmt3WznWKC3YLHR0h3etUNtznooCeCvlCW/KufnbTx0O0DyB9rvV9p0Y+jIbPR5+ijlv36cHwbMVXVrX7y15UP6JUk43In35becfPZ30HvrWcTTb/Juevve2i+uG5u/rh+8FrcCLb+8zA9b341ibYZjB+/2/utG703MOrtxYksSt+0s+RkkaBXdKeW/ihyHlGCDrpbMoEOOugC9DeGnnrFc0/OB/66YL/zTT1BBx100EEHHXTQQRegvx/01B0UUlcMknPrTratGTLooIMOOuiggw466FnP4XP3xa4NHuiNQs+dfMvdAaf070k+GebCFXPpyRWTD3oq7AV00EEHHXTQQQcddNBBB71ksiJ1Qct9Q4rakoW5k3upK57WGgLQQQcddNBBBx100EEHHfSc0FMX/NLJl9LJstzbt/T+zw1VMg500EEHHXTQQQcddNBBrxl67mRT7uRd6UEhtXeQyd2BJnfFXltFATrooIMOOuiggw466KCDnjJZ92pBaz25VTpK/57aJvdc0/4HHXTQQQcddNBBBx100N8P+tqSMbmTc2vvcFI6uVX7ZJDNDmoBHXTQQQcddNBBBx100JtIxtVWkHJ/PnXyK3XBKV1xl65oSyd7QQcddNBBBx100EEHHXTQcybnWu8wUntFUbJgpUiOlS5/Ld99F3TQQQcddNBBBx100EEHfW038cud3Fo6ebe2Di21lb/cyUPQQQcddNBBBx100EEHHfSUyZHWkmtLQ8xdUGubXLF0crB0eW52UAvooIMOOuiggw466KCDXiX00jBKF5y1d7hJnWyr/aaOS8N828khQQcddNBBBx100EEHHfQiybiWOv3nKIi1JR9zd0BKXTEs3fDk3h6ggw466KCDDjrooIMOOug1wypd8HLfVLD0+peeyCL378+9/d7mbqqggw466KCDDjrooIMOepPQSyejak9ule7A0doNM1L/f7krKtBBBx100EEHHXTQQQcd9JzQct9ksPSOba2iyV0R1VZRpV7/1Y5eAx100EEHHXTQQQcddNCrhJ462ZY7WVfbDRJqnzgi9frm/n2lK37QQQcddNBBBx100EEHHfSUG7K2ZFJtyb3aB2HUloxrfXuCDjrooIMOOuiggw466KC/M/TSBSP378sNpbZkVenJOUsG6KCDDjrooIMOOuiggw56a9BTF5TUN0HMPWhmbRVL7dsHdNBBBx100EEHHXTQQQe95mTH0jsqN8ylK87aoC29P1pL3tV0U0bQQQcddNBBBx100EEHHfTWJoesvSIpnezLXXGUrohrH7QDOuiggw466KCDDjrooIMuhGgvQBcCdCEE6EII0IUQoAshQBdCgC6EAF0IAboQoAshQBdCgC6EAF0IAboQAnQhBOhCCNCFAF0Isdb4B4C5NskypRbsAAAAAElFTkSuQmCC','ibankingabc@gmail.com',NULL,'2026-01-29 03:45:32','Null'),(18,110,39,'NETS-QR','Pending',3.00,'SGD',NULL,NULL,'0asfwjndhhzq','iVBORw0KGgoAAAANSUhEUgAAAPoAAAD6CAYAAACI7Fo9AAAMe0lEQVR42u3d7XWyMBQAYPbxp7O4gnN0DVfoLPztPL7S+rYIQUVJctHnnuPB+kER8iRwCaE5CiFePhqrQAjQhRCgCyFAF0KALoQAXQgBuhACdCEE6EKALoQAXQgBuhACdCEE6EII0IUQoAshQBcCdCEE6HfMrGmKPp79/3N/z9LvL/35Z3/v0vPPvXzR18fS5Rt00EEHHXTQQQcddNBBB/2ZFbF4QmFheEt/funlL10x5q7Icq+PZ6FGL9+ggw466KCDDjrooIMOOuiRNly0+eeumHIX1GjQoyVbo5U/0EEHHXTQQQcddNBBBx30NUHP/f/W3oGmdjIu2vopnewFHXTQQQcddNBBBx100EF/Z+jP/v9oHTJKd7h5tfUfvYMP6KCDDjrooIMOOuiggw56SejRKpLSMNdWkGtDKV2RRi/foIMOOuiggw466KCDDjroJZMt0QdS8L73DQ4JuvdBBx1074MOOujeB30t0GtH6WRO7RscrC1ZFj1Z+8oBOuiggw466KCDDjrooIOeu2A/uyGj3zQwerKz9MAdpSuetXV4Ah100EEHHXTQQQcddNBBz5msenZDl17x0ZJrpZNZpQfqWHp7Rys/oIMOOuiggw466KCDDjroOQtK7WRdtORO7v8f7QYW0ZOLuSuOmhU56KCDDjrooIMOOuiggw566RVRuwPD2gZXrP3/aw92WbthKxmggw466KCDDjrooIMO+vtBXxpe6RUbbfDK2smn2jdVfLVk28sk40AHHXTQQQcddNBBBx30l4AeLTlVOjlXevlLQ669/WqXx8jJPdBBBx100EEHHXTQQQcd9NrJuug3WCh9UUzu9Vv787Ur+tLJQtBBBx100EEHHXTQQQcd9JLJj9obqnayp/Rgi6U7uETv0BI9mQk66KCDDjrooIMOOuiggx4peRfthgHRB3+MnkyK1kGodEUJOuiggw466KCDDjrooIO+JqjRkjFLQ196/tGSmdFvGBG9ogIddNBBBx100EEHHXTQQY+cjCudTMldsHNXHNFvKli64q1dPovaAR100EEHHXTQQQcddNDfDvq7D7RQG1bp5FPpZFzt8hJt+4IOOuiggw466KCDDjrooNeEHn1ghdwVS7TBKaMNLJK7vJYuX6CDDjrooIMOOuiggw466DWTMbmTJ88WnGgXbdRORkYbbDP6TStBXwl0EStABx100EEHHXTQQS+WjKt9TAb6e1UEpSGXbrhABx100EEHHXTQQRegg54z2VV64IG7lvfjcHrsz9PzY7d/fCX15teeHvvP9rj/aI+H87T7+zCY9t+/9rm2v4zDZV7L36ffkauhWdvAIaCXgn4C3XbT06Nttufp3/O50W72v/M4nuexb/bHZnNY5LE9PY5Xlreb9n/P+Pn2/Pmp56l55pn/sVtXXy3ooJeCvj0XxO0Z5/a3YH4/nxOb7Wh++1OBbnbtD9bRtAPcDqbTn/sPPbXMa3v+v5L4buVBB70M9KZXCAeQ5uzGb/a91rzXol+APSRgHxKwx5/b7g6jZR0/b8aV1cXzpgcv9bzk/M/f+zyAHgl67mOq4hcN7PbJFnJUsO89rtwMW7Dmp0W/ukve3rnr3vZ23fu7yonKafI3pd5v7nj9me+n5zN67RjvppVu4PAi0Ntv6FPAB6/N2nX/K/CHE/Quubb9aCemhxvv/02/l7fbCzlPh4+L10f4mr89lIn5pL8/Rju1DO2tv/vH6IO9gO54HXTQC7To6Zbp4vmdybiLCuLzUGVbtLu/Zfldno/7l6W/Th75/vWCkqhIT/MGHfRs0NthYT7BHIM9tz6b7axd90VxPPTbBpjm5BsShwO3suTzl625yIWAvpJkXPSBBK5jaC5a4HZqF/5KC/13em37exqsGvTEYUT7QIt+sX6W+i0f+8Hue5kWfW3JZ9Bztuj/C/PX8a8Q9t5vr7Vsm0SyKUCL/gtqVoueOj3W/BwSfC7QsncV5q7XoeZ4BB30nMfog5avD7Pr3TZo2ftZ4tutaPOdjOtOm3WnxrZ3T9Pvzfttib2R3YwW/eMwTuRdrKsm8f7U9Py9bv1cqShABz17i95PCk2fG79M3N0+vbb9O722e75n3Lxd98Rx8Md+7gYY7xVcPW2Xmk6dfz/vHYD++tBrj6GWPI2UOgafKsCDSuHyGD3VYWbQ+230/Dztd5zZtY9BT1Viu5nz6PrXT+Uqkp1kxh1srp++bC72jqJdlBL5IirQZ0IftThTx9TJ3dFBZ5rNuOX7adF7qCefD1r9YS+5mdD7p9d+l/eRi3W6fMREz7d0J5ipDjJXvrfZgg564RZ9CnqvdRsdq95s0Ze5qOWxXfd+/uGJq/I68ImzFOPpduL15kqF0YAOek7oid3Ja1ny34phvFv6Az3RvfP0ncPX8fvy0/bzNP3qLkU9fba7/PTi9YnPfJ5f/3ok0TjAtKt0BqBfWWz26XP0uwPoUaHnTkZkX5GpTiU3erK1m4lj1UE3z8XPPc+MNtHvfhb0ruPQzJ6B8w4rBq164rAiWkPxtlevvQ70mTBvXjRyJYtfKhK9z9oZu+7pfMRCvyWR5Ev1OgQd9MWgj9DeA/PrOD7VNnXuuFrPuCez7ptUZ5mlesYdEocVWnTQM0Fv5yTjkru2vdZyNHDF/xZ9Xwd6qtffnKz7xLX63+vnmT7v3VmK1OAZoNeDHu0ig8WTJbtxlnzW7ukI07gX3ZJZ9+3u8ADU/qnDGdC/ps+hD/upz3m9nRrM4rNdPPlVu/yBHgj6qAfX3F3tyXPEzQB6avSYGdPz8/uTceNLZmfvet+8Tn9+D7n04BPNMtsTdNDvadEfzZKnj9V7I8wMx4jrd4jpjxk39fr/MeNmteiJjiy7R35bM9kpJtkteLiHdKNXXX+dgw56JugLZcm/2slBGw/NPoH8vtb7mRb9OLhkdvYx+qBlv9wd384YqupaP/nLygf0oMm40jAXv4jhN/vb6731aKLpNzl3Ob+7xotrpsaPa3vvzbuCrf08jI+bn02ibXrXj9/s/dYMPpu46u3JgSxK32QxUkUAeqA7s7RHseazQKCDLkAHHXQB+gtBXzqZ92zyZenvi9iwS5efSOULdNBBBx100EEHHXQBOuhLVwRLb0jQ3yvZ9sqQQQcddNBBBx100EFf9Lxn6YJSux9B6fPGoBeCXnpF5oaXu2KqvX6jdQipvf1Kd3B5mYEnQAcddNBBBx100EEHHfRVQC+dbFp6w5UuGNEGOiidzMtd8ZQub5Hggw466KCDDjrooIMOOuig596QpQtq6eRPtIESog8kUrt8SsaBDjrooIMOOuiggw466JGg5y5IS0OJNphk7oKdO3kWLVkYLdkKOuiggw466KCDDjrooINeE3rpZFHp5Y12A4naF5VE7wD16tsfdNBBBx100EEHHXTQQQc954aItqKjQY1+g4LSyadXG8wTdNBBBx100EEHHXTQQQe9JPTS8HMn/9Z+0U7t7RMtmVm74gQddNBBBx100EEHHXTQQc/6z4J1eKldkGtXZKW3d+3k3NoqVtBBBx100EEHHXTQQQcd9JortvZABrkLau3kXvSKJtoNIdbWsIEOOuiggw466KCDDjrooC+5YaMn655d/le7aWPpiz5qb+/cv281F7WADjrooIMOOuiggw466G8x8ET0DgmvdtFK7cEdS1dM0bbP2w4OCTrooIMOOuiggw466KCHSMZF7vQfIRmWe/mjJdNqDx66Zriggw466KCDDjrooIMOOujRkltLr+joAznkhl472VW6A1Pp9fc2d1MFHXTQQQcddNBBBx100FcJvXZBX7piqZ0citaBJlqysPT6K/190EEHHXTQQQcddNBBBx30msmM3MnA3O/nXn+1k2elk5vRBvqIlMwFHXTQQQcddNBBBx100EHPnWyLVvGUhlk6GVR7oIfaFXvu8gk66KCDDjrooIMOOuigg15zRZZOhqxtcMLoF2HUrtherWEAHXTQQQcddNBBBx100EF/J+jRk0trG2yy9vpYW7K45kAloIMOOuiggw466KCDDjro0ZNxa++AEy35VLqiiDbY5NvcwAF00EEHHXTQQQcddNBBfwnopecfbXDIaMmd2jchzF3x5q5IonsBHXTQQQcddNBBBx100EGPdBFA6fnnrnhyL0+0ijz6TRdzV2Sggw466KCDDjrooIMOOuhCiNcL0IUAXQgBuhACdCEE6EII0IUQoAshQBdCgC4E6EII0IUQoAshQBdCgC6EAF0IAboQAnQhQBdCvGr8AwZDh6I+LJFSAAAAAElFTkSuQmCC','ibankingabc@gmail.com',NULL,'2026-01-29 03:49:15','Null'),(19,111,39,'NETS-QR','Pending',3.00,'SGD',NULL,NULL,'00aj4nw9oe4t','iVBORw0KGgoAAAANSUhEUgAAAPoAAAD6CAYAAACI7Fo9AAAMj0lEQVR42u3d4XWqMBQAYPbxp7O4gnN0DVfoLPztPD5pfS1CUFGSXPS75/Rg1VLEfAlcktAchRAvH41dIAToQgjQhRCgCyFAF0KALoQAXQgBuhACdCFAF0KALoQAXQgBuhACdCEE6EII0IUQoAsBuhAC9DtW1jRFf+b+/2e399bfF//yMm9f7u9j6f2X+//VLt+ggw466KCDDjrooIMOOuhLFrzaBTt3xVG6oJTeX7krktxwc+/PyH5ABx100EEHHXTQQQcddNBLJ79KJ2NKf3G5K5poyb7S8KOXb9BBBx100EEHHXTQQQcd9DVBz/3/SsPInWyKBisaVNBBBx100EEHHXTQQQcddNDjDNKI1iFj6f1bclBFhP0fvYMP6KCDDjrooIMOOuiggw56SejRKpLSMNdWkEt3+Mk9yKh0h6lI6wcddNBBBx100EEHHXTQQa89OaTXvR452WkWWNC9DjroCprXQQfd614HPSf02hG9g8qzyaVoHUJKb1/u5OgrB+iggw466KCDDjrooIMOem4YueFEr5jWfhPL0hV1tMkoXzYZBzrooIMOOuiggw466KCvEnrp5EttONE6VNQuqNEmvijdcOX2ATrooIMOOuiggw466KC/N/TSyaWld1T05M7ab2ARPbmYu+KomfwFHXTQQQcddNBBBx100EF/tRsK1P680W4QEb3gR0tm1gzQQQcddNBBBx100EEH/f2gL52cWRpm6Yoq9+crvX/XlkyrPUipdkMGOuiggw466KCDDjrooIMeGWbt9eUuqNE7wNSGGq3DTcmKCXTQQQcddNBBBx100EEHPXeyrnYHjdodTJb+fNGTe9ErytoVBeiggw466KCDDjrooIMOekmY0f5f7YKXe/ujT3YZ7YYMkZJvoIMOOuiggw466KCDDjropZN3tSdSiD7IJdpkkLUrttLvf5tBLaCDDjrooIMOOuiggw76KqFHH6SQu+LJXfBKTxxRumLNDTF6RQU66KCDDjrooIMOOuiggx45GZd7R0ZL9pVOFuWuSHJDrD05ZCg7oIMOOuiggw466KCDDvrbQV97h4toHVRyT3YZLZm0pokccjQkq5kcEnTQQQcddNBBBx100EF/Cei1J3esPXFC7Q4sa0tmRvv+a5d/0EEHHXTQQQcddNBBBx30kl9s6Q4Sax+0sfabOEb7fkp/n6AHhS5iB+iggw466KCDDjroxb6I3Dsy0o4X8RqWaDkR0EEXoIMOOuiggw466KAvuePXdhO7u7b343D62Z+X55/d/vGd1ltfe/rZf7bH/Ud7PJyX3e+HwbL/+rX3tf1tHG7zWn4/fY5c5W9t/RhALwX9BLrtlqefttmel3+P50a72f+u43hex77ZH5vNYZGf7enneGV7u2X/84wfb8/vn3qcWmee9R+7ffXVgg56Kejbc0HcnnFufwvm9+M5sdmO1rc/Fehm1/5gHS07wO1gOf2+/9BT27y2x/8rie9WHnTQy0BveoVwAGnOYfxm32vNey36BdhDAvYhAXv8vu3uMNrW8eNmXFldPG568FKPS67//HefB9AjQc99TlV8EMFun2whRwX73vPKzbAFa35a9KuH5O2dh+5t79C9f6icqJwmP1Pq9eaO55/5+/R6Rs8d69+ksnZDBnqmL6b9hj4FfPDcrEP3vwJ/OEHvkmvbj3Ziebjx+t/ye3u7o5Dzcvhz8fwIX/N3hDKxnvTfj9FObUN76/f+OfrgKKA7Xwcd9AIterplunh8ZzLuooL4PFS5VNXu/rbld3s+7t+W/j555O+vF5RERXpaN+igZ4PeDgvzCeYY7Ln12WxnHbovimNujBKNzbx8Q+J04FaWfP62NRe5ENBXmozLPX756e25wNBctMDt1CH8lRb67/La9vcyWDXoidOI9oEW/WL/LPVZPvaDw/cyLfrS5a8mfNBnQ584PP06/hXC3uvttZZtk0g2BWjRf0HNatFTl8ean1OCzwVa9q7C3PU61ByPoIOeD/rovLwPs+vdNmjZ+1ni261o852M6y6bdZfGtncv06/Ng544GtnNaNE/DuNE3sW+ahKvTy3Pf9ftnysVBeigZ2/R+0mh6Wvjl4m725fXtn+X13bP94ybd+ieOA/+2M/9AsZHBVcv26WWU9ffz0cHoNeH/uwHD98BIXUZKXUOPlWAB5XC5Tl6qsPMoPfb6PF52e84s2sfg56qxHYz19H1r5/KVSQ7yYw72Fy/fNlcHB3lnkhi6SOIl0nGvQP0UYszdU6dPBwddKbZjFu+nxa9h3ry8aDVH/aSmwm9f3ntd3sfGazT5SMmer6lO8FMdZC58nebLeigF27Rp6D3WrfRuerNFn2ZQS2PHbr38w9PjMrrwCeuUoyX24nnmysVRgM66DmhJw4nr2XJfyuG8WHpD/RE987T3xy+jt/DT9vP0/KrG4p6em83/PTi+Yn3fJ6f/3qkEhtg2lW6AtCvLDb79DX63QH0qNCXTl4UT4akOpXc6MnWbibOVQfdPBe/9jwz2kS/+1nQu45DM3sGzjutGLTqidOKtU9OCno46DNh3hw0ciWLXyoSvc/aGYfu6XzEQp8lkeRL9ToEHfTFoI/Q3gPz6zi+1DZ17bhaz7gns+6bVGeZpXrGHRKnFVp00DNBb+ck45KHtr3WcjRxxf8WfV8HeqrX35ys+8RY/e/980yf9+4qRWryDNDrQY82yGDximc3zpLPOjwdYRr3olsy677dHR6A2r90OAP61/Q19GE/9TnPt1OTWXy22ZNj1QdRgV4P+qgH19xD7clrxM0Aemr2mBnL8+P7k3HjIbOzD71vjtOf30MuPflEs8z3CTro97Toj2bJ0+fqvRlmhnPE9TvE9OeMm3r+/5xxs1r0REeW3SOfrZnsFJPsFjw8QrrRq66/z0EHPRP0hbLkX+3kpI2HZp9Afl/r/UyLfhwMmZ19jj5o2S8Px7czpqq61k/+svIBPWgyrjTMxXf8b/a313vr0UTTb3Lucn13zRfXTM0f1/ZemzeCrf08jM+bn02ibXrjx2/2fmsG702MentyIovcybLag7pAX8mdWNqjqHkVCHTQBeiggy5AfyPouTus5O6AoyJ4bdily0+k8gU66KCDDjrooIMOugAd9KXfv/QXCfp7JdteGTLooIMOOuiggw466Ite9yx9HbV2P4Lanxf0oMm42gU1N+zaN+nLnawsPfFDbailJ6oAHXTQQQcddNBBBx100EEvmQwqDWnpglsbXvSKqXTFlbvhWRN80EEHHXTQQQcddNBBB/39oJfeEbknpiid/CmdbFvb5JzRK8a3zbqDDjrooIMOOuiggw466C+ZjKu9/trJp+iTWdauOHNXbEu/H3TQQQcddNBBBx100EEHPRL03MmlaBMnRIMbDULu/V06WbamG4iADjrooIMOOuiggw466O8HvfREBKV3dLSJL0p3yFl6+3M3DKXX97aDWkAHHXTQQQcddNBBBx30l4CeG/7S2197EEqkglPj+6vdgal0eQcddNBBBx100EEHHXTQQS9ZEN6tIEYryNH3d+7ytrYOXKCDDjrooIMOOuiggw466Dl3bLSJDNaevKk9eWM0+LWTY5EqAtBBBx100EEHHXTQQQf9/aDXhlB6x9eeeKD2DSxqf5+1k5FvO6gFdNBBBx100EEHHXTQQX+LiSfWdgODpZNhuddXu6BGuylm7oovUvIYdNBBBx100EEHHXTQQX8/6NGTMbkrqtJQa0NZen+UrjiW/n+RA3TQQQcddNBBBx100EEH/dmCUfqLiDy5Xwno0Qe95E5elh6U9bKTQ4IOOuiggw466KCDDjroq4Reu6DXTi6VTiaVrriiTaZZe5BRzYYDdNBBBx100EEHHXTQQX8/6GtLXkSHUTuZVjrZVnqQTu0ONS87eg100EEHHXTQQQcddNBBDwk9d7ItN5y1FaxoE0fk3t7Sny93+QQddNBBBx100EEHHXTQQa+5I6Mlk6LdJLJ0xfZqN8lc2/4DHXTQQQcddNBBBx100EF/ZejROtyUrsiW/nzRkoPRk8WRJiYBHXTQQQcddNBBBx100EFfWzKudHInd3KodPKpdEVRe5BM5Jsqgg466KCDDjrooIMOOuigr21QS/SKIFoHk2jJ0tIVXe3yDDrooIMOOuiggw466KCDXjJ5ES3ZFC05l3t7alecuTvc1P68L5uMAx100EEHHXTQQQcddNBDQhdCxAzQhQBdCAG6EAJ0IQToQgjQhRCgCyFAF0KALgToQgjQhRCgCyFAF0KALoQAXQgBuhACdCFAF0K8avwD6pTDZi/SYqgAAAAASUVORK5CYII=','ibankingabc@gmail.com',NULL,'2026-01-29 03:49:15','Null'),(20,NULL,39,'NETS-QR','Pending',3.00,'SGD',NULL,NULL,'0gwxqlknqu9l','iVBORw0KGgoAAAANSUhEUgAAAPoAAAD6CAYAAACI7Fo9AAAMbklEQVR42u3dXXayOhQAUObjo2NxCo6j03AKHQuvHY9X+3lbhGCNkuSg+6zlwvpXxOwEDknojkKIl4/OJhACdCEE6EII0IUQoAshQBdCgC6EAF0IAboQoAshQBdCgC6EAF0IAboQAnQhBOhCCNCFAF0IAfodH9Z1VW9//f+l1y/3/9Vev9z1X/r3XPr9tdc3evkGHXTQQQcddNBBBx100EF/ZkMsnlAoDP3Z1z9bUEoXrNLbs/Tv+ezvsfT7a5dv0EEHHXTQQQcddNBBBx30SD9c6+RP6YJRG1ZtKNHWp3UyFXTQQQcddNBBBx100EEH/ZWhl/5/tZNXpQt+NFjROiyBDjrooIMOOuiggw466KCD3i4ZFT051LqDzdLlI9ogHMk40EEHHXTQQQcddNBBB/2doLeuSGrDaN1BqPT2bQ2l9qAUg1pABx100EEHHXTQQQcd9DVDjz45pOc93zLZaRZY0D0POugKmudBB93znge9JPTW8W4XOIiWjIvWIaf09lqVDdBBBx100EEHHXTQQQcd9MIFu3VBrF1QoiU71zaRROuLRL5NMg500EEHHXTQQQcddNBBDwG9dcFfGk7r5E+0ZFG0iTpq/95rbjhABx100EEHHXTQQQcddNCjJeuiwS2dzIk2qCh6crF0xdGyww7ooIMOOuiggw466KCDDnq0iwTWrljebRBNtGTcqyVDQQcddNBBBx100EEHHXTQaybnWk9sEG3yytYdMlp/v7U1BNEuagk66KCDDjrooIMOOuigg14TZu1kYOmKqzWc2rBKQy1dkZZeP9BBBx100EEHHXTQQQcd9JrRumBET06V/rzosEtXlLUr3pqwQQcddNBBBx100EEHHXTQayeLWie/oiVnag9aad1hJNqgnEjJN9BBBx100EEHHXTQQQcd9KV/mKXfX7ugRIPWOhlXOzkbLVn7soNaQAcddNBBBx100EEHHfRVQi+dzKg9scPaO2zUhh9tEM3aKirQQQcddNBBBx100EEHHfRIEW3QSu2Kp3ayqPT3q11RRW+4QAcddNBBBx100EEHHXTQS37R1pMrLr2+rTusROtgVLuiXNugo9oVG+iggw466KCDDjrooIMOekk4rQtS64or+vZaunzUTnaWXr/SFTnooIMOOuiggw466KCDDnrL5Nmz/3/pglA6+bK2QR2lf89Xn1gD9CDQReyKAHTQQQcddNBBBx30YsdYtY9JIyVHRPyKoHWOBnTQBeiggy5ABx100EEvCTv6RezuWt+Pw+m2vywvt93+8Y02+Lz+dNt/9sf9R388XJbnvw+j5fD5W6/rh+s4Xue1/H36HlHLX7RBNqAvBf0Euj8vT7e+216Wv/dzo9/sfz7jePmMfbc/dpvDIrft6Xa8sb7n5fD7TO9vL6+fu5/6zDKffzxvq68edNBrQd9eCuL2gnP7UzC/7+fEZjv5vP2pQHe7/h/WyfIMuB8t51/3P/TUOq/t/v+VxHcrDzrodaB3g0I4gpSzG7/ZD1rzQYt+BfaQgH1IwJ6+brs7TNZ1er+bVlZX97sBvNT9mp9/ed/nAfQ1Q689EUR2Qdjtky3kpGDfe1y5Gbdg3b8W/eYueX/nrns/2HUf7ionKqfZ75R6vrvj8Wfen/6cyWPHY/jyVLohA73QD9V/Q58DPnosa9f9t8AfTtDPybXtRz+zPPzx/O/ye33PeyGX5fh29fgEX/e7hzLzOen3T9HOrUP/19/DY/TRXsD5eB100Cu06OmW6er+ncm4qwri89DkVFS/+12Xn/X5uH9dhtvkkfffLliJivT02aCDXgx6Py7MJ5hTsJfWZ7PN2nVfFEduTBKNXV6+IXE48FeWPH/duqtcCOgv2mFm6Yom+/9dYeiuWuB+bhf+Rgv9e3pt+3MarBn0xGFE/0CLfrV9lvouH/vR7nudFr108rcmfNCzoc/snn4dfwvh4Pn+Vsu2SSSbArToP6CyWvTU6bHu3yHB5wIt+7nC3A061ByPoINeDvrkuHwI89y7bdSyD7PEf7ei3Xcy7nza7HxqbHv3Mv1cHvTE3sguo0X/OEwTeVfbqks8P7e8vO+8fW5UFKCDXrxFHyaF5s+NXyfu/j69tv09vbZ7vmdc3q574jj4Y5/7A0z3Cm6etkst586/X/YOQF8f9NXNoZY6jZQ6Bp8rwKNK4foYPdVhZtT7bXL/shx2nNn1j0FPVWK7zM8496+fy1UkO8lMO9jcPn3ZXe0drb0DzNsk49YIfdLizB1TJ3dHR51pNtOW71+LPkA9e3/U6o97yWVCH55e+1nfRwbrnPMRMz3f0p1g5jrI3HjfZgs66JVb9Dnog9Ztcqz6Z4u+zKCWx3bdh/mHJ0blncEnzlJMl9uZx7sbFUYHOugloSd2J29lyX8qhulu6T/oie6dp/ccvo7fw0/7z9Py6zwU9fTa8/DTq8dnXvN5efwrP+s+wbRrdAZgWFls9ulz9LsD6K8KvXTy775d921WT7Z+M3OsOurmufi558zoE/3us6CfOw5l9gzMO6wYteqJDjOtB5mA/nLQM2H+OWjkRha/ViR6n/UZu+7pfMRC3yWR5Dsfp4MOejHoE7T3wPw6Tk+1zZ07btYz7sms+ybVWWapnnGHxGGFFh30QtD7nGRcctd20FpOJq74v0Xft4Ge6vWXk3WfGav/vX2e6fN+PkuRmjwD9HbQow0yWHr9xi169mizCaZpL7ols+7b3eEBqMNThxnQv+bPoY/7qec83s9NZnFHt9rog6pqBuiZ0Cc9uHJ3tWfPEXcj6KnZYzKWl/v3J+OmQ2azd73/HKef30MuPflE91B5BB30h1r0R7Pk6WP1wQwz4znihh1ihnPGzT3+/5xxWS16oiPL7pHv1s12ikl2Cx7vIf3Rqy5nm4MO+oPQF8qSf/WzkzYeun0C+X2t9zMt+nE0ZDb7GH3Usl/vjm8zpqq61U8+r/IBPWgyrnXFcX/2d9B769FE009y7vrz7povrpubP64fPJc3gq3/PEyPm59Nom0G48f/7P3WjV6bGPX25EQWpZNlpcs76CusYZPYjqJmeQQddAE66KAL0EGvlswrvaFVBK8Fu/Tv/7ZXUwVdgA466AJ00EEXoL8E9NqDWGp/nojdULwSZNBBBx100EEHHXTQy/adb/x9ShfM2ueNQa8EPdqF52sPimm9fWr//2iTe9aGGvmCDaCDDjrooIMOOuiggw466OEmiqicjCvdYSf6RStrJ2ejXUTxbS6yCDrooIMOOuiggw466KCvEnrtH7J2RVA7uRgNSrSJRFqXz7dNxoEOOuiggw466KCDDjroIaHXTuZEL1hLr3/tQRK1J/qIVvHX/j6ggw466KCDDjrooIMOOujHilH7h41W0KOtf20I0ZKdr/77gw466KCDDjrooIMOOujvDb32RAS1N3T05FztQTbRkou1k2WtKzrQQQcddNBBBx100EEHHfSWybraE/RH6wDyboN4Wndgan1BCNBBBx100EEHHXTQQQcd9JrJudodRtZeUaypYJVIjrUuf5E6wIAOOuiggw466KCDDjrooNcu6LXfX/vzSldMa6tool0QonZDAzrooIMOOuiggw466KCDHhl662TQ2iqG2hVB9Mkt1wb5Za+mCjrooIMOOuiggw466KCHhF66IEYrKNE7aLz6BTVebSIM0EEHHXTQQQcddNBBBx30SMmK2pCjT1xRu+JsDbE05GjJZNBBBx100EEHHXTQQQcd9DUlt0pDWfr1rSuq1pNPRqvoSm+/t72aKuiggw466KCDDjrooIO+SuitC/rSBTP6xBJLJyOjTzRSuny0bmhABx100EEHHXTQQQcddNBrJoPWPohj6YojWgeU2s/XrqhKr//Ljl4DHXTQQQcddNBBBx100ENCL51sK10xlU6ORZs4YW3rW/v71a74QQcddNBBBx100EEHHXTQa27I6JP9ra0DR+tBGWu7gEe07Qc66KCDDjrooIMOOuiggw56u2RM7WRRtIqudfI1erIYdNBBBx100EEHHXTQQQf9laCXfr725Iu1k43RJoaoXTGuOfkGOuiggw466KCDDjrooIMeLdkRrWCWXt/aFXPrz5e8Ax100EEHHXTQQQcddNBBb5e8qD1IoXXFE70iLF3wW0/GGO0CEaCDDjrooIMOOuiggw466EKI9QfoQoAuhABdCAG6EAJ0IQToQgjQhRCgCyFAFwJ0IQToQgjQhRCgCyFAF0KALoQAXQgBuhCgCyFeNf4Dk3QEJpNkKJ4AAAAASUVORK5CYII=','ibankingabc@gmail.com',NULL,'2026-01-29 03:56:51','Null'),(21,113,39,'NETS-QR','Paid',1.50,'SGD',NULL,NULL,'0qzzqj7hc4ro','iVBORw0KGgoAAAANSUhEUgAAAPoAAAD6CAYAAACI7Fo9AAAMhElEQVR42u3d4XWqMBQAYPbxp7O4gnN0DVfoLPztPD7psy1CUFGSXPS753i0ahExXwKXJDRHIcTLR2MTCAG6EAJ0IQToQgjQhRCgCyFAF0KALoQAXQjQhRCgCyFAF0KALoQAXQgBuhACdCEE6EKALoQA/Y6FNU3R263PX3r9lv68Z9dv7u+R+/fM/X1yr2/08g066KCDDjrooIMOOuigg/7Mhlg8ofAkvNxQl94+pSui3Ns7d8X87PaMXr5BBx100EEHHXTQQQcddNAj/XC5oZeuSEoXhNoVV254uX+f2uUbdNBBBx100EEHHXTQQQd9TdBzf17tiihaxZUbSvTPBx100EEHHXTQQQcddNBBBz1O8qR2QVzToIoc27v28kEHHXTQQQcddNBBBx100A1qqZesKz3xQmmoa4NSeyKO0uUbdNBBBx100EEHHXTQQQc9Z0GpPVmj173+LslQ0L3uddBB97rXQQfd66C/H/TaUXvQSLRk3dIVde1kXu5k3ysH6KCDDjrooIMOOuiggw567oKdO1mydDKndMGt3QFl7YOWSg96eplkHOiggw466KCDDjrooIMeEvraLtIXbXLAaMmjaBN1lE42lt4eoIMOOuiggw466KCDDjroOWHXTtbVLnhrG1QR7QIbtdd36WRjyYobdNBBBx100EEHHXTQQQe99EUNa19woXQHldKTTeau+KItv+YFF0AHHXTQQQcddNBBBx100BdfePCLIpaGEG1QTu1BPNEHGUW/4AbooIMOOuiggw466KCDDnrJHzJ6RbP055f+vOgXLCidnIs2OSfooIMOOuiggw466KCDDnrJqD0wP/pF+daWHMtdsdSumGtPhgk66KCDDjrooIMOOuigg14zGRd9kErpz6+9/rUvGLE0rNqTOYIOOuiggw466KCDDjrooL9SMq52Mq10Qag9qKZ2smtt73+bQS2ggw466KCDDjrooIMO+iqh1x6kkPvzakOIPrFFtIqmdAest0nGgQ466KCDDjrooIMOOuhvmYxbGk7tyR5zJ69yb6/ay68JqcbngQ466KCDDjrooIMOOuigl0xW1b6wfPRBGLUruqUL+tonm6xdvkAHHXTQQQcddNBBBx100EtCj9ZhpHaHk+jbt3YydumKpXZFBTrooIMOOuiggw466KCD/qrJiRzJsWiDWEon59Y22Wfu7ZV7+4Ae9PNE2QAddNBBBx100EEHvdoxb/RBFKIu5NoVR+TyBjrooIMOugAddNAF6O8HvXbyq8h514/D6bY/359vu/3jK91bXnu67T/b4/6jPR7O993fh8F9//Vr72v76zhc57X8ffoeuSCWHnRVs6ICfc7/n0C33f3p1jbb8/3f47nRbva/yziel7Fv9sdmc1jktj3djlfWt7vvf5/x4+35/VOPU8vMs/xjt62+WtBBLwV9ey6I2zPO7W/B/H48Jzbb0fL2pwLd7Nr/WEf3HeB2cD/9vh/oqXVe2+OfSuK7lQcd9DLQm14hHECasxu/2fda816LfgH2kIB9SMAev2+7O4zWdfy4GVdWF4+bHrzU45LLP//f5wH0SMm4pZNjpQcNpKCnWshRwb73uHIzbMGa/y361V3y9s5d97a3697fVU5UTpPfKfV6c8fzz/x/ejmj547xBzFFSiaCPuP7tN/Qp4APnpu16/5X4A8n6F1ybfvRTtwfbrz+d/+9vt1eyPl+eLt4foSv+dtDmVhO+v/HaKfWob31d/8YfbAX0B2vgw56gRY93TJdPL4zGXdRQXweqpyqand/6/K7Ph/3r0t/mzzy/9d/iERFelo26KBng94OC/MJ5hjsufXZbGftui+KY26MEo3NvHxD4nDgVpZ8/ro1F7kQ0INAjz654GPQB1ngcwvcTu3CX2mh/06vbX9Pg1WDnjiMaB9o0S+2z1Lf5WM/2H2/b9mlJ36IDB/0Z1v0nwL3dfwrhL3X22st2yaRbArQov+CmtWip06PnfManwu07F2Fuet1qMlQHkAHvXeMPmj5+oWu6902aNn7WeLbrWjznYzrTpt1p8a2d9+nX5sHPbE3spvRon8cxom8i23VJF6fuj//X7d9nqgoQAf96Ra9nxSaPjd+mbi7fXpt+3d6bfd8z7h5u+6J4+CP/dwfYLxXcPW0Xep+6vz7ee8A9NdLxi39+tM/TOo0UuoYfKoADyqFy2P0VIeZQe+30ePzfb/jzK59DHqqEtvNXEbXv34qV5HsJDPuYHP99GUzvXe0wvIp6x4Y+qjFmTpeTO6ODjrTbMYt3/8WvYd68vGg1R/2kpsJvX967Xd9Hxms0+UjJnq+pTvBTHWQufJ/my3ooBdu0aeg91q30bHqzRZ9mUEtj+269/MPT4zK68AnzlKM77cTzzdXKowGdNBzQk/sTl7LAP9WDOPd0v/QE907T/9z+Dp+Dz9tP0/3X91Q1NN7u+GnF89PvOfz/PzX/Kz7CNOu0hmAfmWx2afP0T+wbqAXSsZFS4bM/rxUp5IbPdnazcSx6qCb5+LnnmdGm+h3PwtT13FoZs/AeYcVg1Y90WGm9iCT2hd9BH1x6DNh3hw0ciWLXyoSvc/aGbvu6XzEQt8lkeTrjtNBBz0b9BHae2B+Hcen2qbOHVfrGfdk1n2T6iyzVM+4Q+KwQosOeqYN3c5JxiV3bXut5Wjiip8WfV8HeqrX35ys+8RY/e/t80yf9+4sRWryDNDrQS9dEeSenO/WePTZo81GmMa96JbMum93hweg9k8dzoD+NX0OfdhPfc7z7dRkFnf0lis9WWkk2KA/CX3Ug2vurvbkOeJmAD01e8yM+/Pj+5Nx4yGzs3e9b47Tn99DLj35RFOkhQVdi/5Uljx9rN6bYWY4R1y/Q0x/zrip53/mjJvVoic6suwe+W7NZKeYZLfg4R7SjV51c7Y56KA/CH2hLPlXOzlp46HZJ5Df13o/06IfB0NmZx+jD1r2y93x7Yypqq71k59X+YBeKBn37IbP/Xmz1+c3+9vrvfVoouk3OXe5vLvmi2um5o9re6/NG8HWfh7Gx83PJtE2vfHjN3u/NYP3Jka9PTmRRe5BJpErAtADXamlPYqSe5Sgg+6STKCDDroA/Y2h517xaBP0i3XBzt0Qve1FFkEXoIMOugAddNAF6KtIxi2dLCtdMYD+Wsm2V4YMOuiggw466KCDDnrROcKiXyssNzzQXxR67uXVTs6V7nCROzkaLflZG2rt3wN00EEHHXTQQQcddNBBBz3yhiw9yGXtk19GS+blrhhLD6KKBB900EEHHXTQQQcddNBBBz3362sriLmTb6WhRKt4SkOVjAMddNBBBx100EEHHXTQI0MvneypXdCiJS9LF8zaHWhKl5doFQXooIMOOuiggw466KCDDnrNZNbaJvurXXFEg1C64ot+gRDQQQcddNBBBx100EEHHfSc0F8tGZO7YJcuWEtv/9rLi/Z93nZQC+iggw466KCDDjrooIP+EtBLw482cUDuiqd2RVS7Yi/dUL1NhxnQQQcddNBBBx100EEHfZXQS/9Q0QpqtEERa9veueFGr1hBBx100EEHHXTQQQcddNBLbthogxhKJ2+iVzTRO9TUrgijN2yggw466KCDDjrooIMO+ntDX3rD1e4QUfqHrn3Rx+gTU6wdfs1kKeiggw466KCDDjrooIP+ftBLF8za8WrJsdIVX+lkbu2GpWbyGHTQQQcddNBBBx100EF/P+jRkzHRCmrp7R19YpBonxe9wxbooIMOOuiggw466KCDDnpJWKWTG6WTg6WXt7YOObm/f+7v97ZXUwUddNBBBx100EEHHXTQVwm9djKqNPy1XYDi3QbZ1B6UstrRa6CDDjrooIMOOuiggw56SOjRkhe1J2tc+v3RJpdcWzK19vYtCRt00EEHHXTQQQcddNBBB730oI2lC1ZpiNEmTog2yKR0+SmdTAMddNBBBx100EEHHXTQQa8JvXSHk9wFMVryKtqtNLTav+fbDGoBHXTQQQcddNBBBx100EE/1u8QUnviibVBiZasipYsLhmggw466KCDDjrooIMOOuhrh770D5m7g83S61M6mRSt4os2+SXooIMOOuiggw466KCDDvqakx2lf5hoHYByV8ylK9qlv0/uijUSfNBBBx100EEHHXTQQQcd9GiTQ9Zefu4fuvZkjbUvyFAb/tsm40AHHXTQQQcddNBBBx30kNCFEDEDdCFAF0KALoQAXQgBuhACdCEE6EII0IUQoAsBuhACdCEE6EII0IUQoAshQBdCgC6EAF0I0IUQrxr/ANkffoG2RR/WAAAAAElFTkSuQmCC','ibankingabc@gmail.com','2026-01-28 20:00:53','2026-01-29 04:00:43','Null'),(22,114,39,'HitPay-PayNow','Paid',1.50,'SGD',NULL,NULL,NULL,NULL,NULL,'2026-01-29 04:35:00','2026-01-29 12:35:00','a0f32329-1af1-41fa-9aab-9f6fca4147a9'),(23,NULL,39,'NETS-QR','Pending',10.00,'SGD',NULL,NULL,'0eenlzsbrjqm','iVBORw0KGgoAAAANSUhEUgAAAPoAAAD6CAYAAACI7Fo9AAAMeklEQVR42u3d7ZWiMBQAUPrxp7XYgnVMG7YwtfB36nFlxp1BCCpKkofed84cXD9YxNwEHklojkKIl4/GLhACdCEE6EII0IUQoAshQBdCgC6EAF0IAboQoAshQBdCgC6EAF0IAboQAnQhBOhCCNCFAF0IAfodK2uaon+3/v+lt+/Z/2/u9uRe39K/59KfL7290cs36KCDDjrooIMOOuiggw76Mzti8YRCZXjRCkrpimPp37v077H050uXb9BBBx100EEHHXTQQQcd9Eg/XOlk27M/xNJQclc00Sq+aHBrl2/QQQcddNBBBx100EEHHfQ1QS+9vdFgR0/GRa+oaydzQQcddNBBBx100EEHHXTQQV9Ph4zog4ZK7+/a6wcddNBBBx100EEHHXTQQTeoZb0TT9ROJq3t96vd4Sna/gEddNBBBx100EEHHXTQQc+ZDIk+WaPXvR6pfIOuIHoddNC97nXQQfe610FfU+QepFJ6MsfSBSX65Jqlf/+XsgE66KCDDjrooIMOOuigg75wQcg9EULuGybkLqilK4rSE3eUrnhKD3p6mWQc6KCDDjrooIMOOuiggx4S+tpu0vdqybnoFV3tZF3tG2Is7QF00EEHHXTQQQcddNBBBz0n3GiTF5Z+f+7/L/oNJ9Y+2WVuL6CDDjrooIMOOuiggw466JGSO9GSQWtLnuWGXXsQTPTJOEsG6KCDDjrooIMOOuigg/5+0GsXnNzbG+2GD9E7/OSGHQ1ipMkgQQcddNBBBx100EEHHXTQSydboidf1jYRRe7kaOkOLbXLY+6GEXTQQQcddNBBBx100EEHPXKyrvQPGx1+7YJWumKpXV5qV2Sggw466KCDDjrooIMOOugld1xpSLUneoj+/aPd8CJah52ayTfQQQcddNBBBx100EEHHfTSybvag0iir29tyaTaN3ksncwDHXTQQQcddNBBBx100EGPBD3aZIzRBtnkrriiJxNLd4iJVlGBDjrooIMOOuiggw466KCvCXbpZMqz8KInG3NvX+0ONdHLN+iggw466KCDDjrooIMOes4vWnqyxmjrL51MXLoiqn1TxsgTOZRIJoMOOuiggw466KCDDjrooOcsuKWTa0vDin6TxdwVWbSJHqINOsldfkAHHXTQQQcddNBBBx100HMmJ2p3iIh+E8FoEz+ULrjRKoalyzvoL5j1FOUDdNBBBx100EEHHfRsO6b2TfjAXzfk0g1T9A49oIMOOuiggw466KAL0N8beu5kRu0f8js+Dqe//Xl5/tvtH9/I3vra09/+sz3uP9rj4bzs/n0YLPuvX3tf29/G4Tav5d+n77FU8i1aP4eXvZvq6qGfQLfd8vTXNtvz8u/x3Gg3+991HM/r2Df7Y7M5LPK3Pf0dr2xvt+x/n/Hj7fn9U49T68yz/mO3r75a0EEvBX17LojbM87tb8H8fjwnNtvR+vanAt3s2h+so2UHuB0sp9/3H3pqm9f2+H8l8d3Kgw56GehNrxAOIM05jN/se615r0W/AHtIwD4kYI/ft90dRts6ftyMK6uLx00PXupxyfWfP/d5AD1SMq72oIDFk2u7fbKFHBXse88rN8MWrPlp0a8ekrd3Hrq3vUP3/qFyonKa/E6p15s7nn/m8+n1jJ475u+bX3tiENArQW+/oU8BHzw369D9r8AfTtC75Nr2o51YHm68/rf83t7uKOS8HP5dPD/C1/wdoUysJ/35MdqpbWhv/bt/jj44CujO10EHvUCLnm6ZLh7fmYy7qCA+D1UuVbW7v2353Z6P+7elv08e+fz1gpGoSE/rBh30bNDbYWE+wRyDPbc+m+2sQ/dFcTz03QaY5uQbEqcDt7Lk87etuciFgB4Ueu3xy08nRy4wNBctcDt1CH+lhf67vLb9vQxWDXriNKJ9oEW/2D9LfZeP/eDwvUyLnjv5WxI+6LOhTxyefh3/CmHv9fZay7ZJJJsCtOi/oGa16KnLY83PKcHnAi17V2Hueh1qjkfQQc8HfXRe3ofZ9W4btOz9LPHtVrT5TsZ1l826S2Pbu5fp1+ZBTxyN7Ga06B+HcSLvYl81idenlufPdfvnSkUBOujZW/R+Umj62vhl4u725bXt3+W13fM94+YduifOgz/2c3+A8VHB1ct2qeXU9ffz0QHorw89dweEeS36lc4bUwV4UClcnqOnOswMer+NHp+X/Y4zu/Yx6KlKbDdzHV3/+qlcRbKTzLiDzfXLl83F0dHabmhRc9AU6A+36OeCOXVOnTwcHXSm2Yxbvp8WvYd68vGg1R/2kpsJvX957Xd7Hxms0+UjJnq+pTvBTHWQufK5zRZ00Au36FPQe63b6Fz1Zou+zKCWxw7d+/mHJ0bldeATVynGy+3E882VCqMBHfSc0BOHk9ey5L8Vw/iw9Ad6onvn6TOHr+P38NP287T86oaint7bDT+9eH7iPZ/n57/mZ91HmHaVrgD0K4vNPn2NfncAvRb0Z+FFmwf82iWoe3uytZuJc9VBN8/Frz3PjDbR734W9K7j0MyegfNOKwateuK0InxDUTD5Bvoi0GfCvDlo5EoWv1Qkep+1Mw7d0/mIhb5LIsmX6nUIOuiLQR+hvQfm13F8qW3q2nG1nnFPZt03qc4yS/WMOyROK7TooGeC3s5JxiUPbXut5Wjiiv8t+r4O9FSvvzlZ94mx+t/755k+791VitTkGaDHScblTtYVv3fabpwln3V4OsI07kW3ZNZ9uzs8ALV/6XAG9K/pa+jDfupznm+nJrP4bBdPfoUfVAV6OeijHlxzD7UnrxE3A+ip2WNmLM+P70/GjYfMzj70vjlOf34PufTkE80i5Q100O9q0R/NkqfP1XszzAzniOt3iOnPGTf1/P8542a16ImOLLtHvlsz2Skm2S14eIR0o1ddf5+DDnom6Atlyb/ayUkbD80+gfy+1vuZFv04GDI7+xx90LJfHo5vZ0xVda2f/GXlA3rQZFztDjRP/xC/2d9e761HE02/ybnL9d01X1wzNX9c23tt3gi29vMwPm9+Nom26Y0fv9n7rRm8NzHq7cmJLHInyyLf4AH0QHdmaY9izVeBQAddgA466AL0FUPPXVHkXh/4rwU796CTtx3UAroAHXTQBeiggy5ADwn91XYs6K+VbHtlyKCDDjrooIMOOuigL3oOv7a+2aXhgb5S6EtXFKULfunvV3v/lv59clecpSva0l5ABx100EEHHXTQQQcddNBLJuuir6/2TSJrV0ylk2m591ft5OLLDGoBHXTQQQcddNBBBx100FeRjKu9o6Mni2onm159opC1/76ggw466KCDDjrooIMOOug5k2+1f8jogxRyd3BZW7Iwd4eqpd8POuiggw466KCDDjrooIMeCfraftjaya3a+z9aRbK25G/k3x900EEHHXTQQQcddNBBfz/opSciqJ3siz6ZYvTJGWvDLJ3crZmcAx100EEHHXTQQQcddNDfD3r0ghJt4oDag0xq/z7Rv98r3QkIdNBBBx100EEHHXTQQX8/6NE6DES7QcLabwoZPRm49O+Re31FG1HQQQcddNBBBx100EEH/e2gl4ZQM7lRo+KJdhPJtXfgWbpiy70+0EEHHXTQQQcddNBBBx30SAU5WjImN8zSydDogz5Kl8/a5RV00EEHHXTQQQcddNBBBz1nsm3pgrn2ZFr0inDpZFrp8rD0/1d6f4AOOuiggw466KCDDjrooNeEXzvWNlll7opibRNZlK7IDGoBHXTQQQcddNBBBx100NcEPXdya+nkRu5BILWTddE7KEWf+CP65Jaggw466KCDDjrooIMOOuiRk2m1IdUuSLkr3ujJwrXtv7e5ySLooIMOOuiggw466KCDXgT6q980MHpBXNugktpQak9O+rY3WQQddNBBBx100EEHHXTQq0DPnbzJDTk33NLfd+n9taaCnmP7QQcddNBBBx100EEHHXTQ1ww92mR/tQfVROvg8+oddgxqAR100EEHHXTQQQcddNBBXy/0aBVFtMklc0ONvr7ayUXQQQcddNBBBx100EEHHfQ1Qc/9/5cuOLVv8FC6oqt9E8M1JdtABx100EEHHXTQQQcddNCjJztyQ45W8ZSuSErfBDFaRbKm5B3ooIMOOuiggw466KCDDnrtQQDRB2WsvUNI6UE+uSu63A1FzeQc6KCDDjrooIMOOuigg/5+0IUQMQN0IUAXQoAuhABdCAG6EAJ0IQToQgjQhRCgCwG6EAJ0IQToQgjQhRCgCyFAF0KALoQAXQjQhRCvGv8A7c63cuHtarYAAAAASUVORK5CYII=','ibankingabc@gmail.com',NULL,'2026-01-29 13:41:25','Null'),(24,NULL,39,'NETS-QR','Pending',20.00,'SGD',NULL,NULL,'0aiyq6zr5i5c','iVBORw0KGgoAAAANSUhEUgAAAPoAAAD6CAYAAACI7Fo9AAAMa0lEQVR42u3d7ZWiMBQAUPrxp7XYgnVMG7YwtfB36nF1xp1BCCpKkgfed84cXL8WITeBRxKaoxBi9dHYBEKALoQAXQgBuhACdCEE6EII0IUQoAshQBcCdCEE6EII0IUQoAshQBdCgC6EAF0IAboQoAshQH/gy5qm6N+9/3/q+kZ7fe79kXt/zv350usbvXyDDjrooIMOOuiggw466KCXLFhzw4y2I3LDmLtizF1Rla4o5v58tIoZdNBBBx100EEHHXTQQQe9ZkGu/f1z77jSsEpDqV2xld4/uZPJoIMOOuiggw466KCDDjroS9oQuSuO2hVF7Yot+v4o/XtBBx100EEHHXTQQQcddNBBny/ZE71DRu0OQ3OXj9Lbf2kdnkAHHXTQQQcddNBBBx100HNCj1aRlJ4IozSk3Nu39PfXHpRiUAvooIMOOuiggw466KCDvmTo0SaH9LrXIyc7QQfd66CDriB6HXTQve510I8ritqTPZZO1q3t99RO1q45QAcddNBBBx100EEHHXTQcxekV3dk7YklXi24tZNFpbdv7uRZ7orrbZJxoIMOOuiggw466KCDDnpI6NEGAUSf+MBEEWXLS+kbYqxm4gnQQQcddNBBBx100EEHfZWTQ5ZO1pVe/9zrFy3ZGD15WHt/lG4IQQcddNBBBx100EEHHXTQI3ewKJ38ij5xRukOS9GSidGTzaCDDjrooIMOOuiggw466CWTc3MXpNIVVWn4tW9SWRp+7YagdPkBHXTQQQcddNBBBx100EGP9MNrJ1+iTxxROvkWraJYM8TcFRPooIMOOuiggw466KCDDnq0ZF3tiRJqd4jJXdEsfSKH2pOTLjYZBzrooIMOOuiggw466KC/RTKu9uSMpQtW7WTi2id+iL69QQcddNBBBx100EEHHXTQl5yMq51sKt3hJPpNKnMnw0pDiXaDENBBBx100EEHHXTQQQcd9JobLjf8udc/2iCWuaFH6/AT7aaOb3MDB9BBBx100EEHHXTQQQd9ldCXPvFB9GRYtN9be5DM0hoy0EEHHXTQQQcddNBBBx30kpCj7cjaNxyoXTHOXVEsbVBS6fJXMpkMOuiggw466KCDDjrooINeGk7uySNzD1KIPoildLK0dvKz9KAW0EEHHXTQQQcddNBBBx30nNBLJ0uWVnCiT1ZZumIqXTFHT2aCXgm6iBWggw466KCDDjrooL/NjgV9XdBLQ1xSeQMddNBBB12ADjroAnTQayfHsiRfPg6nv/1lefnb7Z/fSJ3va09/+8/2uP9oj4fL8vzvQ2/Zff3W+9ruOvbXeSn/Pv2OKA1B6ddBrwX9BLo9P3/6a5vtZfn3eGq0m/3vdxwv37Fv9sdmc5jlb3v6O95Y3/Oy+3uGj7eX9489Tn1nnu8/nrfVVws66KWgby8FcXvBuf0tmN+Pp8RmO/i+/alAN7v2B+tgeQbc9pbj7/sPPbXOS3v8v5L4buVBB70M9KZTCHuQphzGb/ad1rzTol+BPSRgHxKwh+/b7g6DdR0+boaV1dXjpgMv9bjk918+93kAvSb0tQ86+UacaCEHBfvR88pNvwVrflr0m4fk7YOH7m3n0L17qJyonEZ/U+r15oHnX/l8+nsGzx2P4crT29zAYe3Q22/oY8B7z006dP8r8IcT9HNybfvRjiwPd17/W36v7/ko5LLs/109P8DX/B2hjHxP+vNDtGPr0N77d/ccvXcUcD5fBx30Ai16umW6evxgMu6qgvg8VLlU1e7+1uV3fT4eX5fuNnnm87cLVqIiPX036KBng972C/MJ5hDspfXZbCcdus+K46nf1sM0Jd+QOB24lyWfvm7NVS4E9KDQSyffZl+fKwzNVQvcjh3C32ih/y6vbX8vg1WDnjiNaJ9o0a+2z1y/5WPfO3wv06Ln7nBTEj7ok6GPHJ5+Hf8KYef19lbLtkkkmwK06L+gJrXoqctjzc8pwecMLfu5wtx1OtQcj6CDng/64Ly8C/Pcu63XsnezxPdb0eY7GXe+bHa+NLZ9eJl+bRr0xNHIbkKL/nEYJvKutlWTeH1sefncefvcqChABz17i95NCo1fG79O3N2/vLb9u7y2e71n3LRD98R58Md+6g4YHhXcvGyXWo5df78cHYAeD3puiNk7yCSz7g903hgrwL1K4focPdVhptf7bfD4sux2nNm1z0FPVWK7id9x7l8/lqtIdpIZdrC5ffmyuTo6in7TzbdJxq0R+qDFGTunTh6O9jrTbIYt30+L3kE9+rjX6vd7yU2E3r289ru+zwzWOecjRnq+pTvBjHWQufG5zRZ00Au36GPQO63b4Fz1bos+z6CW5w7du/mHF0blncEnrlIMl9uR55sbFUYDOug5oScOJ29lyX8rhuFh6Q/0RPfO02cOX8fv4aft52n5dR6Kenrvefjp1fMj7/m8PP81Pes+wLSrdAWgW1ls9ulr9LsD6LWgR0uGzL4hU51K7vRkazcj56q9bp6zX3ueGG2i3/0k6OeOQxN7Bk47rei16onTiqVPTgp6OOgTYd4dNHIji18qEr3P2gmH7ul8xEy/JZHkS/U6BB302aAP0D4C8+s4vNQ2du24Ws+4F7Pum1Rnmbl6xh0SpxVadNAzQW+nJOOSh7ad1nIwccX/Fn1fB3qq19+UrPvIWP3v7fNKn/fzVYrU5Bmgrwd67Zs0pnvGXWfJJx2eDjANe9HNmXXf7g5PQO1eOpwA/Wv8Gnq/n/qU59uxySw+29k7ZIUfVAV6OeiDHlxTD7VHrxE3Peip2WMmLC+PH0/GDYfMTj70vjtOf3oPufTkE81TLTTooD/Voj+bJU+fq3dmmOnPEdftENOdM27s+f9zxk1q0RMdWXbP/LZmtFNMsltw/wjpTq+67jYHHfRM0GfKkn+1o5M2Hpp9AvljrfcrLfqxN2R28jl6r2W/PhzfTpiq6lY/+evKB/Qg0KMn5yb/f7/Z307vrWcTTb/Juevve2i+uGZs/ri289q0EWzt52F43vxqEm3TGT9+t/db03tvYtTbixNZRLtffMnkHOiB7tTSHkXJ8gc66G7JBDrooAvQQQ9TESxpgn1Rvjy9+v5Xy9Pb3k0VdAE66KAL0EEHXYBeBXrpDVs6eSKWlWxbM2TQQQcddNBBBx100Gc9x889p160glc6BwJ6Iei5f1jpDg/RCmbp5FTtirH2/o02UQXooIMOOuiggw466KCDDvqcBSlalrv0RBa5t1/ugph7f9XeXrUr5tXcTRV00EEHHXTQQQcddNBBX0QyLnqHmGg30cu9vWpPzlka7tL3L+iggw466KCDDjrooIMOes3kXOlk2twVTe7tV/rzpbd/6Ypt7veDDjrooIMOOuiggw466KBHgp47uRR9EES0DifRf0/0DkPR9z/ooIMOOuiggw466KCDDnrO5EW0ZFB0qEtb/+iDTkona1czeg100EEHHXTQQQcddNBBXyT00vBzJ//WdqeZaINWSldUtW8IATrooIMOOuiggw466KCDnnNDLe2mf7UrimiTL0ZLLpauCJd8913QQQcddNBBBx100EEH/f2g505O1b6hQumKpnSyqHbyKfoNIUpvL9BBBx100EEHHXTQQQcd9EjJsNrrUzoZubQOKUsq6DWSf5HWD3TQQQcddNBBBx100EF/P+ilb/IXraDkhhRtEEfpZGPtirH09gYddNBBBx100EEHHXTQQa8Jv3bUHgQR/SaItSHmTgbmfr1q2QYddNBBBx100EEHHXTQ3x76qwW19IZeenKw9GSLpW+YkLuizr093+ZuqqCDDjrooIMOOuiggw76IqG/WzKt9kQIS/v/lnZDCKPXQAcddNBBBx100EEHHfRI0KMlL6INeqi9fdZ2k8poFambLIIOOuiggw466KCDDjrokaHnTraVTqblhlG74EQbRFK6/NSuaEAHHXTQQQcddNBBBx100GtuyKXdwGBpE1EsbZBG7YbCoBbQQQcddNBBBx100EEHHfS4E/KXvuFC9ORV7e2/tGRxpMkiQQcddNBBBx100EEHHXTQa0OPDjH6xBbRbjhRumKsvX9ABx100EEHHXTQQQcddNCXlOyIlkzLXdBqJ6tqT0yxNJiR4IMOOuiggw466KCDDjrooL/bIJLoUKMls3In49aWHAQddNBBBx100EEHHXTQQRdCLD9AFwJ0IQToQgjQhRCgCyFAF0KALoQAXQgBuhCgCyFAF0KALoQAXQgBuhACdCEE6EII0IUAXQix1vgHtFrDZnMBSj4AAAAASUVORK5CYII=','ibankingabc@gmail.com',NULL,'2026-01-29 13:55:18','Null'),(25,NULL,39,'NETS-QR','Pending',20.00,'SGD',NULL,NULL,'0ok0ucz0bfwe','iVBORw0KGgoAAAANSUhEUgAAAPoAAAD6CAYAAACI7Fo9AAAMe0lEQVR42u3d3ZWqOhQAYPrx0VpswTqmDVuYWniderwyxzuDEFQGkmz022vNwuMPBzFfApskNGchxMtHYxcIAboQAnQhBOhCCNCFEKALIUAXQoAuhABdCNCFEKALIUAXQoAuhABdCAG6EAJ0IQToQoAuhAD9iZU1TdG/tf//R+tb+vqj9+f+fO7fc+3Pl97e6OUbdNBBBx100EEHHXTQQQd9yY5YPaFQuGBtvaCUrshe/fesXb5BBx100EEHHXTQQQcddNAj/XClk3FLf4i135+7oom+PbXh1i7foIMOOuiggw466KCDDjroW4KeO9lUGkb0/Vn7+9QuD6CDDjrooIMOOuiggw466KCvVzC31iEjN5Taybfc+z96Bx/QQQcddNBBBx100EEHHfSS0KNVJNEmwsidvMtd0URLjpbe/sh+QAcddNBBBx100EEHHXTQX20iBa973eSQoHsddNBB9zrooIPuddC3Ar125B6kUjpZt3Zyb+2KuvT2lf79X8oG6KCDDjrooIMOOuiggw565oIUHc7S/RE9GVp64o7cybPc5eNtknGggw466KCDDjrooIMOekjo0ZIvtQtC6YkzSlfMtW9iGa1iXbu8gg466KCDDjrooIMOOuigbxle7u3PnZwqnWzL/fvWTh7mLi+lJ8IAHXTQQQcddNBBBx100EEv+cW3Bida8qd2RVx7IoZoFVvNAB100EEHHXTQQQcddNDfD/rayZnSO35rE02UTjbWrmijlYe1yw/ooIMOOuiggw466KCDDnpJ6NEmC8ydXNnaII+1C3ru9ZWuyHOXn5cZvQY66KCDDjrooIMOOuigh4ReO1m3tYkSSkPKvf9Kd5iKlgyO1OEGdNBBBx100EEHHXTQQQe9dkHJXTCiV0Slty/6xA/vlHwDHXTQQQcddNBBBx100EEvvWOi3fg+2sQNtZNJueFE73D1NoNaQAcddNBBBx100EEHHfS3hB49uVK64ioNr/T21f4+pSsG0EEHHXTQQQcddNBBBx30c8WonayJnrx6tUEb0SbDjN6QgQ466KCDDjrooIMOOuigl0wuRUtm1J6oovYgl9oTJUQfRLP2+kp2oAEddNBBBx100EEHHXTQQa89iKP29pXef1tP1r16xV5zkAvooIMOOuiggw466KCDDnruglI6eVh68sdokKNBzL19W5ucFPQAWU9RP0AHHXTQQQddgA56tR+q9Dm1eG/YW+ogAzrooIMOOuiggw66AB30tXd07eumyc9/nC5/x+vy+nc4/n0n9dbXXv6On+35+NGeT9dl9+/TYNl//d772v42Drd5K/++fI+1IEWfuAT0KNAvoNtueflrm/11+ft4brS74886ztd1HJvjudmdVvnbX/7Od7a3W/a/z/jx/vr+qcepdeZZ/7nbV18t6KCXgr6/FsT9Fef+p2B+P54Tu/1ofcdLgW4O7T+so2UHuB0sp9/3P/TUNm/t8f+VxHcrDzroZaA3vUI4gDTnMH537LXmvRb9BuwpAfuUgD1+3/5wGm3r+HEzrqxuHjc9eKnHJdd//dznCfTIybjag14WF4TDMdlCjgr2s+eVu2EL1vxr0e8ekrdPHrq3vUP3/qFyonKa/E6p15snnl/y+fR6Rs+d493U0g0cXgR6+w19CvjguVmH7r8F/nSB3iXX9h/txPL04PXf5ff2dkch1+Xw7+b5Eb7m9whlYj3pz4/RTm1D++jf/XP0wVFAd74OOugFWvR0y3Tz+Mlk3E0F8XmqcimqPfxuy8/2fDy/Lf198pfP3y84iYr0sm7QQc8GvR0W5gvMMdhr67Pbzzp0XxXH3BglGpt5+YbE6cCjLPn8bWtuciGgB03G1e6QsDjZd4OhuWmB26lD+Dst9O/ltf3PZbBq0BOnEe0fWvSb/bPWd/k4Dg7fy7TopTvEbHZQy2tCnzg8/Tr/FsLe6+29lm2XSDYFaNF/QM1q0VOXx5p/pwSfK7TsXYV56HWoOZ9BBz0f9NF5eR9m17tt0LL3s8SPW9HmOxnXXTbrLo3tn16mX5sHPXE0cpjRon+cxom8m33VJF6fWl4/1+2fOxUF6KBnb9H7SaHpa+O3ibvHl9f2v5fXDst7xs07dE+cB38c5/4A46OCu5ftUsup6+/XowPQ60Ov3cEgewed1GWk1Dn4VAEeVAq35+ipDjOD3m+jx9dlv+PMof0b9FQldpi5jq5//VSuItlJZtzB5v7ly+bm6GhrHWBeZlDLO0AftThT59TJw9FBZ5rduOX716L3UE8+HrT6w15yM6H3L6/9bO9fBut0+YiJnm/pTjBTHWTufG63Bx30wi36FPRe6zY6V33Yoq8zqOVvh+79/MOCUXkd+MRVivFyP/F8c6fCaEAHPSf0xOHkvSz5T8UwPiz9Bz3RvfPymdPX+Xv4aft5WX51Q1Ev7+2Gn948P/Gez+vzX/Oz7iNMh0pXAPqVxe6YvkZ/OIEeNRmXOxmRPRmS6lTyoCdbu5s4Vx1081z92vPMaBP97mdB7zoOzewZOO+0YtCqJzrM1B5kEu2mlaAvhj4T5sNBI3ey+KUi0fusnXHons5HrPRdEkm+7jwddNCzQR+hfQbm13l8qW3q2nG1nnELs+67VGeZtXrGnRKnFVp00DNBb+ck45KHtr3WcjRxxf8t+rEO9FSvvzlZ94mx+t/7Z0mf9+4qRWryDNDjQq89qGDx+g7jLPmsw9MRpnEvujWz7vvD6Q9Q+5cOZ0D/mr6GPuynPuf5dmoyiye61ZYuH5Fgg74Q+qgH19xD7clrxM0Aemr2mBnL6+Pnk3HjIbOzD70fjtOf30MuPflEU6SFBV2LvihLnj5X780wM5wjrt8hpj9n3NTz/88ZN6tFT3RkOfzluzWTnWKS3YKHR0gPetXN2eegg/5H6Ctlyb/ayUkbT80xgfy51ntJi34eDJmdfY4+aNlvD8f3M6aqutdPfl7lA3oh6KtDq/3//WR/e723/ppo+knO3a7vqfnimqn549rea/NGsLWfp/F589Ik2q43fvxh77dm8N7EqLeFE1mUvslipIoA9EB3ZmnPYstXgUAHXYAOOugC9BeaeCJ6RRApeSLyNyxL37+0POkZB7oAHXTQBeiggy5AjwR97R1be0J+ETvZ9sqQQQcddNBBBx100EEvOkdY6TnxchfM0jkQ0AtBj7YjS08emDtZWfv7la4Ya3//0hNVgA466KCDDjrooIMOOuigR06+5YZVfSKL4BVTtORd7WTjluGDDjrooIMOOuiggw466KDXfj16smjtgll68sPSHYxK759oyVTQQQcddNBBBx100EEHHfSaya/SyZPayafa+2NrFWvuiSVqJ1NBBx100EEHHXTQQQcddNBLwl8bQvSCHn2ih2gVc+nk6dZ/f9BBBx100EEHHXTQQQcd9Jo/VO1BJO82mWJuGKX//9Lfp2ZyDnTQQQcddNBBBx100EEHPXoyaWsVx6sl+2rDyv171IQNOuiggw466KCDDjrooINeO5lVGlK0iqL2+2snF9f+PXKvr6g90EEHHXTQQQcddNBBB/3toEcb5LD1mz6WThbVTj5FvyFE9IYNdNBBBx100EEHHXTQQQc95xeN1iGiNIzcyafaN2QonpAqfNPJSB1oQAcddNBBBx100EEHHfT3g761QRprF5TaHW62VvHlLg+lk4uRKz7QQQcddNBBBx100EEH/f2gR0/GrJ1syf356BVP6e3PDbn071e0bIMOOuiggw466KCDDjrobw996Q+99g+/NvRoycFoHWZyl4faFbW7qYIOOuiggw466KCDDjrorwQ9WjItN/za/3/u5GnpyRajwXubmyyCDjrooIMOOuiggw466C8xHj3aDxF9kEb0iTKiTbxQelBK7uQy6KCDDjrooIMOOuiggw76mtBzJ9tyV0y1k1dbuyli9EEgpTtcgQ466KCDDjrooIMOOuigR4Zee7K/0sm96B1QXq3DSeny+baDWkAHHXTQQQcddNBBBx100M/xOrDkTtaVTiatnVyLfpPN6Mli0EEHHXTQQQcddNBBBx30d4Ye7YeMnkwsfcOJ0hVf9Mk0QQcddNBBBx100EEHHXTQt5TsqD3oJPpN/aJVnNFv4LDl5B3ooIMOOuiggw466KCDDnrtQQDRkku5f+joE3Os/f+VruhKdxgCHXTQQQcddNBBBx100EEXQrxegC4E6EII0IUQoAshQBdCgC6EAF0IAboQAnQhQBdCgC6EAF0IAboQAnQhBOhCCNCFEKALAboQ4lXjPyG0S96HQwbPAAAAAElFTkSuQmCC','ibankingabc@gmail.com',NULL,'2026-01-29 14:21:33','Null'),(26,NULL,39,'NETS-QR','Pending',20.00,'SGD',NULL,NULL,'00s6p4pw118u','iVBORw0KGgoAAAANSUhEUgAAAPoAAAD6CAYAAACI7Fo9AAAMeUlEQVR42u3d4XWqMBQAYPbxp7O4gnN0DVfoLPztPD5pfS1CUFFyE/S75/RgpVLFfAlcktAchRAvH41dIAToQgjQhRCgCyFAF0KALoQAXQgBuhACdCFAF0KALoQAXQgBuhACdCEE6EII0IUQoAsBuhAC9Ds21jShP9H//9b/e3b/LP7lPrn96O8juvytrXyDDjrooIMOOuiggw466KBHFqxntx9dcZQuKEvvr6XXR3+fuSva2itm0EEHHXTQQQcddNBBBx30yC+utu3n3h/RybXoZGLpijj6+8z9/YIOOuiggw466KCDDjrooNe8I3JXHLVXFKUrztLfR+nkJOiggw466KCDDjrooIMOOuiP/7/aO2SUHtRTOvlW2/ZBBx100EEHHXTQQQcddNANaokr6Esn50onH18NSun9E12+QQcddNBBBx100EEHHXTQcxaU6Mkarbf+lZOdoFtvPeigW2896KBbbz3oNUXtkz1Gv35tn2dt3/+qbIAOOuiggw466KCDDjrooGcuSNHJkqULTumJKGrvYBS9P3JXXG+TjAMddNBBBx100EEHHXTQXwL60smXpd9P6Q4/uSuatU3UUVv5K33TStBBBx100EEHHXTQQQcd9JwFtfRNCKO3Hw1z6c9fW0WztptWZm1kQQcddNBBBx100EEHHfS3h156kEZ0RVO6IouefLH2DiS5y9OaBsWADjrooIMOOuiggw466O8HfenkTG0Fo7YbQEQnG2ubHLG25GlNk0GCDjrooIMOOuiggw466KBHw8ydHCpd0ZW+iWNtkznWVh5rG6QFOuiggw466KCDDjrooINec7IuOjm1NNzoZGVt38erDbKJrkhBBx100EEHHXTQQQcddNBrKnilX19bcqj2G2DkTr5Gd9gpmXwDHXTQQQcddNBBBx100EGPTt5FJ8tKV4Rruyli6ZtOlk4Wv82gFtBBBx100EEHHXTQQQd9ldBrv8nd0hXFq00OubYORtEV+9vcwAF00EEHHXTQQQcddNBBf0note3I2ibGKJ3sWvr91zYZZm3lG3TQQQcddNBBBx100EEHvWSyrbab/EUn20rf4KC2inptEz3UfhNI0EEHHXTQQQcddNBBBx30mgZdlIYbvf+WhhVdHkonV2srX6CDDjrooIMOOuiggw466DmTE6/WAaQ2qGtLtuWuKGqrKEFfCXRRV4AOOuiggw466KCDXs053toGUYi6oJfO0eTOqYAOOuiggw466KCDDjrooK8pOZYlufdxOP3sz8vzz27/+E7rba89/ew/2+P+oz0ezsvu98Ng2V9/7e/a/nscvue1/H76HFENRTTs1U4O+fLQT6Db7vnTT9tsz8u/x3Oj3ex/t3E8b2Pf7I/N5rDIz/b0c7zyfrtl//OMH2/Pfz/1OLXNPNs/dvvqqwUd9Cjo23NB3J5xbn8L5vfjObHZjra3PxXoZtf+YB0tO8DtYDn9d/+hp97z2h7/ryS+W3nQQY+B3vQK4QDSnMP4zb7Xmvda9AuwhwTsQwL2+O+2u8PovY4fN+PK6uJx04OXehy5/fPrPg+gl4T+7Aet/aaD34gTLeSoYN97XrkZtmDNT4t+9ZC8vfPQve0duvcPlROV0+RnSq1v7nj+mdentzN6bgXlK3fDCHom6O039Cngg+dmHbr/FfjDCXqXXNt+tBPLw431f8vv99sdhZyXw5+L50f4mr8jlIntpF8/Rjv1Htpbv/fP0QdHAd35OuigB7To6Zbp4vGdybiLCuLzUORSVbv7ey+/7+fj/vfS3yePvP56QUpUpKdtgw56NujtsDCfYI7BnlufzXbWofuiOObGKNHYzMs3JE4HbmXJ57+35iIXAnqlybjcyYnsgwYuMDQXLXA7dQh/pYX+u7y2/b0MVgx64jSifaBFv9g/S32Wj/3g8D2mRS+djAa9KPSJw9Ov418h7K1vr7Vsm0SyqYIW/RfUrBY9dXnsnNf4XKBl7yrMXa9DzfEIOuj5oI/Oy/swu95tg5a9nyW+3Yo238m47rJZd2lse/cyvW7eZ0scjexmtOgfh3Ei72JfNYn1U8vz67r9c6WiAB307C16Pyk0fW38MnF3+/La9u/y2u75nnHzDt0T58Ef+7lfwPio4Oplu9Ry6vr7+egA9NeHXnziitRlpNQ5+FQBHlQKl+foqQ4zg95vo8fnZb/jzK59DHqqEtvN3EbXv34qV5HsJDPuYHP98mVzcXS0tg4wJQdRgT4T+qjFmTqnTh6ODjrTbMYt30+L3kM9+XjQ6g97yc2E3r+89vt+Hxms0+UjJnq+pTvBTHWQufK6zRZ00INb9CnovdZtdK56s0VfZlDLY4fu/fzDE6PyOvCJqxTj5Xbi+eZKhdGADnpO6InDyWtZ8t+KYXxY+gM90b3z9JrD1/F7+Gn7eVp+dUNRT3/bDT+9eH7ibz7Pz389kmgcYNoVugLQryw2+/Q1+t0B9FLQw+FF78hUp5IbPdnazcS56qCb5+LXnmdGm+h3Pwt613FoZs/AeacVg1Y90WGm9mRwZPIN9EWgz4R5c9DIlSx+VCR6n7UzDt3T+YiFPksiydedp4MOejboI7T3wPw6ji+1TV07LtYz7sms+ybVWWapnnGHxGmFFh30TNDbOcm45KFtr7UcTVzxv0Xfl4Ge6vU3J+s+MVb/e/880+e9u0qRmjwD9Hqh1zZIZfb2duMs+azD0xGmcS+6JbPu293hAaj9S4czoH9NX0Mf9lOf83w7NZnFHd1qo8vH20wO+Q7QRz245h5qT14jbgbQU7PHzFieH9+fjBsPmZ196H1znP78HnLpySeakBYWdC36U1ny9Ll6b4aZ4Rxx/Q4x/Tnjpp7/P2fcrBY90ZFl98hnayY7xSS7BQ+PkG70qpuzz0EH/UHoC2XJv9rJSRsPzT6B/L7W+5kW/TgYMjv7HH3Qsl8ejm9nTFV1rZ/8vMoH9CDoi0Mr/f9+s7+93luPJpp+k3OX27trvrhmav64trdu3gi29vMwPm9+Nom26Y0fv9n7rRn8bWLU25MTWeRODtdcEYBe0Z1a2qNY81Ug0EEXoIMOugD9hcaj114R1JQ8Efkblmf//tny5E4toAvQQQddgA466AL0SOjROzY6eSLWlWx7Zciggw466KCDDjrooBedw674veaC4YG+EuilkylLVzzRybnaJkZYW8UYDbXmGzaADjrooIMOOuiggw466KDnLmjRX1x0wYi+IUFtVyWik5e1V8Sggw466KCDDjrooIMOOuglk0nRk/eVTv6U/n+1dcgp/f3V/v2CDjrooIMOOuiggw466KDnTL7l/iLXPpqt9P7IDbH0TQ1Ld6ABHXTQQQcddNBBBx100EGPhB6dLIpObkVXZKWTpdEVSfTneeXvH3TQQQcddNBBBx100EF/P+jRgzyik0GlB3WUnngi9/uvbdBJ9GSQqx3UAjrooIMOOuiggw466KCvAnptBaX0+trg1VZx507G5v68b9NhBnTQQQcddNBBBx100EFfJfTSHQaiO2DUNsgj9/4onVyMrijWfPdd0EEHHXTQQQcddNBBBx300jdAiP5iaxsEEb1/a4O/9v0FOuiggw466KCDDjrooIOec8eufbLF3BVD6ckbX7mgRyQjSw/qAR100EEHHXTQQQcddNBBz5mMq72glE7Wlf6+cq+vvSIyqAV00EEHHXTQQQcddNBBrxl67cmYpSFHQ8oNJ/r/la44lt5fbzOoBXTQQQcddNBBBx100EFfJfSlkxGlb3Dw6snBV5t4o/Sgo7e9myrooIMOOuiggw466KCDvkroa0+mlb6pY203+Sud/KptUFH060EHHXTQQQcddNBBBx100EsmM2pL3r16Mi06GRad3C19E8nVJONABx100EEHHXTQQQcd9FVCz51sq70iKp28W3r/Rt+QI7r8lK5oQAcddNBBBx100EEHHXTQS+7I2icnXDqZEw1rbYM0SjcUBrWADjrooIMOOuiggw466KDXO/FB9OSJpZNJSyfXarvBQXRFUtNkkaCDDjrooIMOOuiggw466K+WjFv7DRhyJ5+iK0KThYIOOuiggw466KCDDjrooNeT7IhOJuVOxtR+w4PSE1NEw6x9kBbooIMOOuiggw466KCDDnpkwantBgylk3e5C07piRlqm5ijdIch0EEHHXTQQQcddNBBBx10IcTrBehCgC6EAF0IAboQAnQhBOhCCNCFEKALIUAXAnQhBOhCCNCFEKALIUAXQoAuhABdCAG6EKALIV41/gHHVsFMbgIGyAAAAABJRU5ErkJggg==','ibankingabc@gmail.com',NULL,'2026-01-29 14:30:33','Null'),(27,NULL,39,'NETS-QR','Pending',20.00,'SGD',NULL,NULL,'00fa6bz8yvw5','iVBORw0KGgoAAAANSUhEUgAAAPoAAAD6CAYAAACI7Fo9AAAMYklEQVR42u3d4XWqMBQAYPbxp7O4gnN0DVfoLPztPD5pfS1CUFGSXPS75/RgtVLEfAlcktAchRAvH41dIAToQgjQhRCgCyFAF0KALoQAXQgBuhACdCFAF0KALoQAXQgBuhACdCEE6EII0IUQoAsBuhAC9DtW1jRFf279/8V3VubtXfr9c/fP0q8/+33kXt/ayjfooIMOOuiggw466KCDDnrJHbn2L+rZ7V+6YsgN490qjujlG3TQQQcddNBBBx100EEHPWdBjQYhN+zocKLDi/591kwmgw466KCDDjrooIMOOuigR9sRpWFFS8blrnhyw42WHAQddNBBBx100EEHHXTQQQe9HIRoyaHan790h6Xo6wcddNBBBx100EEHHXTQQTeoJV9yZ20Fr3ayMnfyM/rEE7XLN+iggw466KCDDjrooIMOeklYa+8w4fXXft3kkKB7HXTQQfc66KCD7nXQI0OvHdEmhog+iGTp9ZfuEJJ7f7+UDdBBBx100EEHHXTQQQcd9MJf5NLJk6UrluifN9pEFrkr6tqDjnKXJ9BBBx100EEHHXTQQQf9vaGXHjRQOpkVfbLDaDfAqL2+2hVh6YYCdNBBBx100EEHHXTQQQe9JITSN3ioXZFFK6i1K8Lo5QV00EEHHXTQQQcddNBBBz0y9OiDPGrf0CHaZJW13187Wbm2ih900EEHHXTQQQcddNBBB/2VknWlC0LpiRHWdlPAaDfFLF2RvMzoNdBBBx100EEHHXTQQQc9JPToNxVcuiLKvb7SUXuiiWiDjEAHHXTQQQcddNBBBx100F/53mvRJ5qIBr12B6Joya1o+z/3+kAHHXTQQQcddNBBBx100CNDzg2zdDIo2vZHT17VTi6uCT7ooIMOOuiggw466KCDDnruiqP2RAylK7q13xAi9/6K3lCV7CADOuiggw466KCDDjrooIMeHWrtgrf2DiTRO+ysrbwUtQc66KCDDjrooIMOOuigvz30V7vp3tpu4FA7OffuFVntyTZBBx100EEHHXTQQQcd9PeGXntywOgTJ5QuCNEqrmj7v3RFWTOZBzrooIMOOuiggw466KCDXhtOtGRf7f0XLaJNPFF7YhDQQQcddNBBBx100EEHHfRIX1x0OLm/WDcxXHb/ri35m7VSBb3OjB/CVR7QQReggw66AL0i9NrJkzUlR0T+8lX7hh3P/j/QQReggw466KCDDjrooNdMjtSGdtf/+zicfvbn5flnt3/8n/bW155+9p/tcf/RHg/nZff7YbDsv37t79r+Ng63eS2/nz5H1GTrmjosgT7nizmBbrvnTz9tsz0v/x7PjXaz/13H8byOfbM/NpvDIj/b08/xyvZ2y/7nGT/env9+6nFqnXnWf+z21VcLOuiloG/PBXF7xrn9LZjfj+fEZjta3/5UoJtd+4N1tOwAt4Pl9N/9h57a5rU9/l9JfLfyoINeBnrTK4QDSHMO4zf7Xmvea9EvwB4SsA8J2OO/2+4Oo20dP27GldXF46YHL/W45PrP7/s8gL6mZFy0QSY337/bJ1vIUcG+cl45bNEvW7Dmp0W/ekje3nno3vYO3fuHyonKafIzpV5v7nj+mfen1zN67nisnpyNNigK9IWgt9/Qp4APnpt16P5X4A8n6F1ybfvRTiwPN17/W35vb3cUcl4Ofy6eH+Fr/o5QJtaTfv8Y7dQ2tLd+75+jD44CuvN10EEv0KKnW6aLx3cm4y4qiM9DlUO7dve3Lb/b83H/tvT3ySPvv/7FJCrS07pBBz0b9HZYmE8wx2DPrc9mO+vQfVEcc2OUaGzm5RsSpwPDLPnz29Zc5EJAD5KMi/b+pwvGBYbmogVupw7hr7TQf5fXtr+XwapBT5xGtA+06Bf7Z6nP8rEfHL7ft+7aE4dESj6DPhv6xOHp1/GvEPZeb6+1bJtEsilAi/4LalaLnro8ds5rfC7QsncV5q7XoWaBq0Cggz4JfXRe3i90Xe+2QcvezxLfbkWb72Rcd9msuzS2vXuZfm0e9MTRyG5Gi/5xGCfyLvZVk3h9anl+X7d/nqgoQAf96Ra9nxSavjZ+mbi7fXlt+3d5bfd8z7h5h+6J8+CP/dwvYHxUcPWyXWo5df39fHQA+utDLz3oIHV4O9V543qWOH3OenmOnuowM+j9Nnp8XvY7zuzax6CnKrHdzHV0/eunchXJTjLjDjbXL182F0dH0W7IYIaZF4I+anGmzheTh6ODzjSbccv306L3UE8+HrT6w15yM6H3L6/9bu8jg3W6fMREz7d0J5ipDjJX3rfZgg564RZ9CnqvdRudq95s0ZcZ1PLYoXs///DEqLwOfOIqxXi5nXi+uVJhNKCDnhN64nDyWgb4t2IYH5b+QE907zy95/B1/B5+2n6ell/dUNTT33bDTy+en/ibz/PzX/Oz7iNMu0pXAPqVxWafvka/O4BeC3ru5Fj1/5fqVHKjJ1u7mThXHXTzXPza88xoE/3uZ0HvOg7N7Bk477Ri0KonOszkhr508q8kfNAfgj4T5s1BI1ey+KUi0fusnXHons5HLPRZEkm+7jwddNCzQR+hvQfm13F8qW3q2nG1nnFPZt03qc4yS/WMOyROK7TooGf6f+2cZFzy0LbXWo4mrvjfou/rQE/1+puTdZ8Yq/+9f57p895dpUhNngF6XOi1BwU8vb7dOEs+6/B0hGnci27JrPt2d3gAav/S4QzoX9PX0If91Oc8305NZvHZZu8g9Uo3vQR9JvRRD665h9qT14ibAfTU7DEzlufH9yfjxkNmZx963xynP7+HXHryieahFhp00B9q0R/NkqfP1XszzAzniOt3iOnPGTf1/P8542a16ImOLLtHPlsz2Skm2S14eIR0o1ddf5+DDnom6Atlyb/ayUkbD80+gfy+1vuZFv04GDI7+xx90LJfHo5vZ0xVda2f/GXlA3oQ6LWTc0snS/6yv73eW48mmn6Tc5fru2u+uGZq/ri299q8EWzt52F83vxsEm3TGz9+s/dbM/jbxKi3G9tTG9rbzjDzctAzR3sUJcsX6KC7BRPooIMuQH9j6LUHnYAK+pqTc6CDLkAHHXQBOugCdNDX9EUtnVyTnHst2KWhL/33WfcV6KCDDjrooIMOOuiRzjHX1hc79/hv0Asl46LfeD7yZH4lYCz9/UafXDEaVNBBBx100EEHHXTQQQcd9JLJuKWTa7kLztIVV7QORLU7jNSuCHJ3YInUQQZ00EEHHXTQQQcddNBBBz36Texyf5HRPu/S+6c05NLfX+nkLOiggw466KCDDjrooIMOes1k3No6tOQe9JK7g0ZuKGuDFz25CjrooIMOOuiggw466KCDXhL6qyevSn++aBVRtIondzKydnkCHXTQQQcddNBBBx100EGvWTBeLdkXHULuiqg0lNLJWtBBBx100EEHHXTQQQcd9EjJuNwFqXZBy11Qa0+8UTpZWjrZuHTFEXmyUdBBBx100EEHHXTQQQf9/aBHu8FA7YIWPVlYe5BKtIkyat+EcbVZd9BBBx100EEHHXTQQQd9FdCjTS4YLdkYbRDOq03csPb9BTrooIMOOuiggw466KCDHinWPtFB6WRN7eRS7u+zdrIydzLybQa1gA466KCDDjrooIMOOughknG5k3elC3Lpz1u6YEWffLJ0sqv25JOggw466KCDDjrooIMOOugl4a/ti8m9vugdNqIl+0pX7NGSk6CDDjrooIMOOuiggw466DUhli4Y0QbNrG3ihdwFv3TyMff+BR100EEHHXTQQQcddNBBX3PUHjQRraLKvX21YUWruCNPRAE66KCDDjrooIMOOuigvx/0aMmLaDcxjDZ55tL7a20VXbTyADrooIMOOuiggw466KCDHjkZVjpZVHsiiqUr1tIQSxf06B2uQiWqQQcddNBBBx100EEHHXTQCyfHohXM2oNsSld00ZKR0QepvMwssKCDDjrooIMOOuiggw466AEGbZRO1tUeZBMtWbe2myzWTN6BDjrooIMOOuiggw466KBHh177i1n7xAy54ZauWEon90oG6KCDDjrooIMOOuiggw764htbeP3Rk2e1k0XRJpMsXfFGWz/ooIMOOuiggw466KCDDnrJ5EW0CfxrJ4tKQ45WkZWu6KLtL9BBBx100EEHHXTQQQcddCHE+gJ0IUAXQoAuhABdCAG6EAJ0IQToQgjQhRCgCwG6EAJ0IQToQgjQhRCgCyFAF0KALoQAXQjQhRCvGv8ApUY7tkd+/UcAAAAASUVORK5CYII=','ibankingabc@gmail.com',NULL,'2026-01-29 14:40:49','Null'),(28,NULL,39,'NETS-QR','Pending',20.00,'SGD',NULL,NULL,'05qjyvsmgm9o','iVBORw0KGgoAAAANSUhEUgAAAPoAAAD6CAYAAACI7Fo9AAAMb0lEQVR42u3d7XWqTBAAYPrxp7XYgnWkDVtILfxNPb6a65sgLCoKs4N55pwcvX5wEXh2YRiW5iiEePtoLAIhQBdCgC6EAF0IAboQAnQhBOhCCNCFEKALAboQAnQhBOhCCNCFEKALIUAXQoAuhABdCNCFEKA/MLGmCf179f+/9/25pz91enN/P/r9qb8nenpr275BBx100EEHHXTQQQcddNAjF+TaV1T0/NeG8dcajuzbN+iggw466KCDDjrooIMOemQyKzpZ9uqKmHvFLZ2szNbwZoNbe/sGHXTQQQcddNBBBx100EFfE/S5N4y55ye6IVt6+a49WVl7/YAOOuiggw466KCDDjrooEvGxRXErL0hiC5YWdv0QQcddNBBBx100EEHHXTQXdSyXLJobRtetmTW3MnP7AU+tbdv0EEHHXTQQQcddNBBBx30SFjZBz/0/t9+3+CQoHsfdNBB9z7ooIPufdAzQ68d0QUqSyefaieral8EVHt5v5UN0EEHHXTQQQcddNBBBx304BU5d3IlW0OVLVm0dEO29PqtfdHR0g0h6KCDDjrooIMOOuigg/63oa99oIelk2NrKyiqvXzWvr7mTh6DDjrooIMOOuiggw466KBnTibNveD++kUXSy+fbPCy3SQSdNBBBx100EEHHXTQQQc9c4FLtgH33216c6+P6ItMoguisg3mCTrooIMOOuiggw466KCDHvnDogtsam9otRu66PezNRTZG1LQQQcddNBBBx100EEHHfSayblsybvoDT17sqd2AVQ22KCDDjrooIMOOuiggw466GtKxkVDiL7hQfbkWO1kWO3pLd0QRF9UAzrooIMOOuiggw466KCDHgkh+oYK2QYzzAYl22CetRuy2slb0EEHHXTQQQcddNBBBx30SPi1kzXZbjqY7YYYtQuGahcELb29gA466KCDDjrooIMOOuigrynWlixZ+00Ua98EcentJXvDAzrooIMOOuiggw466KCDHgkx+033sifvon9P7c8vnTzL1lCDDjrooIMOOuiggw466KBHwl66oYlO3kQnC6M3/HeHFA0TdNBBBx100EEHHXTQQQc9c/Jt6eRUdLIvuqHMfhHR2pNntf8/0EEHHXTQQQcddNBBBx30yGRR9gX9bgNXzP39pben7BcFZQrQV7KixBF00EEHHXTQQQcd9LwrLrohAX3d0LMlG+eeX9BBBx100EEHHXTQQQcd9MhkXLabLBbj43D6218eL3+7/fP/aWd67elv/9ke9x/t8XB5PP/70Hvsvn/rc213HvvzvJZ/n35HVDKudscEehboJ9Dt+fXTX9tsL4+/z6dGu9n/TON4mca+2R+bzWGWv+3p73hjfs+P3d8zfL69fH7seWmay0z/eF5WXy3ooEdB3142xO0F5/Znw/x+PiU228H09qcNutm1/7AOHs+A297j+Of+h16a57U9/7+R+O7lQQc9BnrT2Qh7kKbsxm/2nd6806NfgT0UYB8KsIef2+4Og3kdPm+GjdXV86YDr/Q8cvqX730eQM8EfW2DQd79/m5f7CEHG/aN48p+j37dgzX/evSbu+Ttg7vubWfXvburXGicRn9T6f3mgddf+X55OoPXjsfqBTHZLooCfaYV235DHwPee23SrvvvBn84QT8n17Yf7cjj4c77v4/f83veC7k89v+uXh/ga373UEamU/7+EO3YPLT3/t09Ru/tBZyP10EHPaBHL/dMV88fTMZdNRCfhyq7du3ud15+5ufj8XnpLpNnvn97wyo0pKdpgw76YtDb/sZ8gjkEe+l9NttJu+6z4pgag0RjMy3fUDgc6GfJX5+35ioXAnrSZFz0wA2zF0hcYWiueuB2bBf+Rg/9e3pt+3MarBr0wmFE+0SPfrV85votH/ve7vtj0649cMjcBTugh0If2T39Ov5uhJ3321s926aQbErQo/+AmtSjl06PXfIanzP07OcGc9cpqAnYwwT9D0MfHJd3N7pzdVuvZ+9mie/3os13Mu582ux8amz78GP5vWnQC3sjuwk9+sdhmMi7WlZN4f2xx8v3zsvnhYYCdNBf7tG7SaHxc+PXibv7p9e2v6fXdq9Xxk3bdS8cB3/sp66A4V7BzdN2pcex8++XvQPQ369gJrpA4ZGCmbHijdtZ4vIx6/Uxeqlgplf9Nnh+eewWzuza56CXGrHdxGmc6+vHchXFIplhgc3t05fN1d5R7ZtOLr09g14R+qDHGTteLO6O9oppNsOe71+P3kE9+rzX6/er5CZC755e+5nfZy7WOecjRirfykUwYwUyN7632YIOenCPPga907sNjlXv9ujzXNTy3K57N//wwlV5Z/CFsxTDx+3I682NBqMBHfQloRd2J29lgH8ahuFu6T/ohfLO03cOX8fvy0/bz9Pj1/lS1NNnz5efXr0+8pnPy+tf07PuA0y7SmcAuo3FZl8+R787gF4Leu0fvviCLRWV3Klkazcjx6q9Ms/Zzz1PjLZQdz8J+rlwaGJl4LTDil6vXiiYqb191L7hBuizQ58I8+5FIzey+FFRqD5rJ+y6l/MRM/2WQpLvfJwOOuiLQR+gfQTm13F4qm3s3HG1yrgXs+6bUrHMXJVxh8JhhR4d9IWm305JxhV3bTu95WDgiv979H0d6KWqvylZ95Fr9b+Xzys17+ezFKXBM0BfD/TsF7Hcux598tVmA0zDKro5s+7b3eEJqN1ThxOgf42fQ+/XqU95vR0bzOKzrX6vuszJN9BfhD6o4Jq6qz16jrjpQS+NHjPh8fL88WTc8JLZybved6/Tn14hVx58onmqhwYd9CdHmHkueVY+Vu+MMNMfI65bENMdM27s9f/HjJvUoxcKWXbP/LZmtCimWBbc30O6U1XXXeagg74Q9Jmy5F/t6KCNh2ZfQP5Y7/1Kj37sXTI7+Ri917Nf745vJwxVdatO/rrxAT0J9FeTIUsP5jf5//vJ/naqt55NNP0k566n99B4cc3Y+HFt571pV7C1n4fhcfOrSbRN5/rxu9VvTe+zhave7sxPbWh/ZuCJt4e+cLRHEbl9gQ66WzKBDjroAnTQF4O75pvcifV1JLWTw6CDLkAHHXTQQQcddNBBz7yi5k6uSc69F+xo6HN/ftFlBTrooIMOOuiggw565Ib7ThveHP8f6JWgRxe4LJ2MmbshqpmMydAwzr3h114f0Td8AB100EEHHXTQQQcddNBBz5xciU52rW1+ag/Uka0hqN0R1Ez2gg466KCDDjrooIMOOuig105erD1ZVHvDrg157oa39vr9M8k40EEHHXTQQQcddNBBBz0F9GzJtejkWPaGMlvyNBpetvmNDNBBBx100EEHHXTQQQcd9OgFubZkWbYNtXbDEF3QVPsmim87CizooIMOOuiggw466KCDngJ67Rs21B64YOnll22gilfnPxpKtmQw6KCDDjrooIMOOuiggw56ZDJuadjZk01zw47+PdmSpdkKsGonR0EHHXTQQQcddNBBBx100DNBWToZlO1G97ULRrIlT2sX4Kzppp6ggw466KCDDjrooIMO+t+Dni1ZF12wkz05lv2imtoDa7zTDRtABx100EEHHXTQQQcddNCXTp4sPT/Rvz8adnTD8O6Qo9cP6KCDDjrooIMOOuiggw76khv22gocai+fbPCz3QAie8MNOuiggw466KCDDjrooIOeORm3dESviNoN19IbZu3k1doa1ujkJOiggw466KCDDjrooIMOek2I0RtGposUIhqW6GTd2gceybz9gA466KCDDjrooIMOOuigZ284sk2vdsFI9E0Ol4YRDS/zQBSggw466KCDDjrooIMO+t+Dnj15ke0mhmsvsMl2EVF0Q7V0chl00EEHHXTQQQcddNBBBz1T8mruBV0bSvTgl7WXb+35XXr+a8IFHXTQQQcddNBBBx100EGfe0HWTtZkG9igdnIz+0VD2S9KyTy4Jeiggw466KCDDjrooIMO+rtBz17gE31TwNrJurUNdlkzeQc66KCDDjrooIMOOuigg7426Nluuri2ZN/aG5bo5F5kgA466KCDDjrooIMOOuigzz6zlW/SGF3gsXQyMVuyMnp5ZRsY420KZkAHHXTQQQcddNBBBx30lNCzXzQQDSc6uTf3+lt6erUHp4xuWN4mGQc66KCDDjrooIMOOuigp4QuhMgZoAsBuhACdCEE6EII0IUQoAshQBdCgC6EAF0I0IUQoAshQBdCgC6EAF0IAboQAnQhBOhCgC6EeNf4D64kHMd/F6AXAAAAAElFTkSuQmCC','ibankingabc@gmail.com',NULL,'2026-01-29 14:44:25','Null'),(29,115,39,'NETS-QR','Paid',20.00,'SGD',NULL,NULL,'00scstkyc0nm','iVBORw0KGgoAAAANSUhEUgAAAPoAAAD6CAYAAACI7Fo9AAAMf0lEQVR42u3d7XWyMBQAYPbxp7O4gnN0DVfoLPztPL7S+rYIQUVJbtDnntOj9QMR8yRwSUJzFEK8fDQ2gRCgCyFAF0KALoQAXQgBuhACdCEE6EII0IUAXQgBuhACdCEE6EII0IUQoAshQBdCgC4E6EII0O9YWNMU/bv1+Uuv79zPe3b5S/8euX/P6O+f+/OiyzfooIMOOuiggw466KCDDnrJgvXs8nNXHEsXlNIF69ntmbsiyQ136ffXVjGDDjrooIMOOuiggw466KCX/OFKQ18aau7tt3RBj05u1QY3unyDDjrooIMOOuiggw466KCvCXruZFPp5FVtFWdt3ye6PIAOOuiggw466KCDDjrooINeT4eT0smh3FBKdwiJHnSy9vINOuiggw466KCDDjrooIP+zIaIrkhqe33pZNfaf7/oQSkGtYAOOuiggw466KCDDjroa4Ze2+SQnvd8TclOs8CC7nnQQVfQPA866J73POg5oUdH7R1USr8/d0W99PtrS9a+lA3QQQcddNBBBx100EEHHfTMBSl3sqQ0rGc/r3SyqPTEHWuriGuqCEEHHXTQQQcddNBBBx3094NeemB9dMGvLbkVPTFH6Yk6lm5oci/vbWeYAR100EEHHXTQQQcddNBXAb30oJbcFdXaLpIYXZHXPggqd8VRssMO6KCDDjrooIMOOuiggw567YM61pZsqn1ihtIVe3Syb02DYkAHHXTQQQcddNBBBx3094O+dMGI/uFqG+RROvnzaoNqak82gw466KCDDjrooIMOOuigl4S+tg4c0RVddEVZOhla+vcoXR4jk3uggw466KCDDjrooIMOOui1QagtObV0wa+5oC0BsXRFX9tkmKCDDjrooIMOOuiggw466JHJj9LJtOj1jU5uvfrED9EdkEAHHXTQQQcddNBBBx100N85GVfbBQpyVzylO8BEV9SlL/hQ+vcCHXTQQQcddNBBBx100EGPTM5FJ2NqSxZFPx+9/qWTn9EVA+iggw466KCDDjrooIMO+nFFEd2BpPT61FbQoyfDzF1eSpfPonZABx100EEHHXTQQQcd9LeDXttFEmv7Pmu/YEP0RSlLb7/csEt2oAEddNBBBx100EEHHXTQQS9dEKIL8toGsZSuCEsnE6Mr1poGuYAOOuiggw466KCDDjrooC/9fHQyL/dEF6W319LfLzo5WNv65v49Qa8kay/yBuiggw466KCDDjroYcmZ6GQV6OuGXttkkTWVN9BBBx100AXooIMuQAc9OjmWJfnycTj97c+357/d/vGN1ltee/rbf7bH/Ud7PJxvu/8Pg9v+89de1/bXcbjOa/n/9D1yNQTPlr+ak2+gP/P6E+i2e/z01zbb8+3f/bnRbva/yziel7Fv9sdmc1jkb3v6O15Z3+62/33G97fn10/dTy0zz/KP3bb6akEHvRT07bkgbs84t78F8/v+nNhsR8vbnwp0s2t/sI5uO8Dt4Hb6df+hp9Z5bff/VxLfrTzooJeB3vQK4QDSnN34zb7Xmvda9AuwhwTsQwL2+HXb3WG0ruP7zbiyurjf9OCl7pdc/vl9nwfQa4JeOtmWfdDAbp9sIUcF+97jys2wBWt+WvSru+TtnbvubW/Xvb+rnKicJr9T6vnmjsefeX96OaPHjvnHHtR+EU7QM0Fvv6FPAR88NmvX/a/AH07Qu+Ta9qOduD3ceP7v9nt9u72Q8+3w7+LxEb7mbw9lYjnp94/RTq1De+v//jH6YC+gO14HHfQCLXq6Zbq4f2cy7qKC+DyEnKpqd3/r8rs+H/evS3+bPPL+6wUjUZGelg066Nmgt8PCfII5BntufTbbWbvui+J46LsNMM3JNyQOB25lyeevW3ORCwG9Uui1T9wwL+veXLTA7dQu/JUW+u/02vb3NFgY9MRhRPtAi36xfZb6Lh/7we57mRY9uqEDPRT6xO7p1/GvEPaeb6+1bJtEsqmCFv0X1KwWPXV6rPk5JPhcoGXvKsxdr0PN8Qg66Pmgj47L+zC73m2Dlr2fJb7dijbfybjutFl3amx79236uXnQE3sjuxkt+sdhnMi72FZN4vmp2/P7uu1zpaIAHfTsLXo/KTR9bvwycXf79Nr27/Ta7vmecfN23RPHwR/7uT/AeK/g6mm71O3U+ffz3gHo60vG1TaH2rwW/UrnjakCPKgULo/RUx1mBr3fRvfPt/2OM7v2MeipSmw3cxld//qpXEWyk8y4g83105fNxd7Rq190E/RA6KMWZ+qYOrk7OuhMsxm3fD8teg/15P1Bqz/sJTcTev/02u/6PjJYp8tHTPR8S3eCmeogc+V9my3ooBdu0aeg91q30bHqzRZ9mUEtj+269/MPT4zK68AnzlKMb7cTjzdXKowGdNBzQk/sTl7Lkv9WDOPd0h/oie6dp/ccvo7fw0/bz9PtVzcU9fTabvjpxeMTr/k8P/41P+s+wrQLOgPQryw2+/Q5+t0B9CjoSyfnlk7GPb2hU51KbvRkazcTx6qDbp6Ln3ueGW2i3/0s6F3HoZk9A+cdVgxa9cRhRfQgE9BfDvpMmDcHjVzJ4peKRO+zdsauezofsdB3SST5Ur0OQQd9MegjtPfA/DqOT7VNnTsO6xn3ZNZ9k+oss1TPuEPisEKLDnom6O2cZFxy17bXWo4mrvjfou9joKd6/c3Juk+M1f/ePs/0ee/OUqQmzwC9XujRgwqeXt5unCWftXs6wjTuRbdk1n27OzwAtX/qcAb0r+lz6MN+6nMeb6cms/hsj7knkqhuUBXo5aCPenDN3dWePEfcDKCnZo+ZcXu+f38ybjxkdvau981x+vN7yKUnn2geaqFBB/2hFv3RLHn6WL03w8xwjrh+h5j+nHFTj/+fM25Wi57oyLJ75Ls1k51ikt2Ch3tIN3rV9bc56KBngr5QlvyrnZy08dDsE8jva72fadGPgyGzs4/RBy375e74dsZUVdf6yV9WPqBXAn1xaNGf95v97fXeejTR9Jucu1zeXfPFNVPzx7W95+aNYGs/D+Pj5meTaJve+PGbvd+awWsTo94G65M7+Rp9PXfQK/28Z6M9iprOsoAOugAddNAF6G8MvTTMNU2wL+qrCHIPmnmZDjOgC9BBB12ADjroAvRVQC+9YUsnT0TdsN8JMuiggw466KCDDjroRc/Llu67XRs80F8Ueu6CUfvkk7VNzJH7Ahy1dWjJXV6WXn/QQQcddNBBBx100EEHHfTIZEjpDR09UUHpimvp7xPdMERfRNFFFkEHHXTQQQcddNBBBx30NUNfumAvDTk6+VO64JeenLM03Noukvg2yTjQQQcddNBBBx100EEHPQR66WRV9OSSuaP2z48eFJS7A1Jtk0+CDjrooIMOOuiggw466KCXTNa9ejKtNNzaOwDlhlW6g0zNFwwBHXTQQQcddNBBBx100N8PevQFFqKTQbkrwtoglf69Sm+/6IlBQAcddNBBBx100EEHHXTQa0q+1Q6/dMUR3SEjetBK6Yo2+oIQoIMOOuiggw466KCDDjroJQtC6Q4jz/7QpSuatQ+6KH2RxdzJvzVffRd00EEHHXTQQQcddNBBBz06mVbbD/Fqg0SiJ2esPTlaU/kDHXTQQQcddNBBBx100EGPhlj6h6p9oonaLsgQXdGWfn1kchJ00EEHHXTQQQcddNBBBz36onqlC8rakonRE4XkLg+vNhEG6KCDDjrooIMOOuiggw56yYIUHdEXgax9MsbaK4ba1ze0bIMOOuiggw466KCDDjrobw/92YJaekOvPTkY3UFmbb9f6e35NldTBR100EEHHXTQQQcddNBXCT264Ecn52qreGpb/7VdEOJtL7IIOuiggw466KCDDjrooFcJfW3Ji9oHabzaoJNXv8jl215kEXTQQQcddNBBBx100EFfBfTcybalIa/tooi1JeNKw45ONoIOOuiggw466KCDDjrooK8Zusn+Yrdn7cnS6IbCoBbQQQcddNBBBx100EEHHfQ46KWTe6WTc0v/ntGTUa4tWVzTZJGggw466KCDDjrooIMOOujR0HM/Hz0ZZfTEGrVVlEvDXttkoaCDDjrooIMOOuiggw466JHJjqV/qNyflzv5lTuZFD0xRfT6R5dn0EEHHXTQQQcddNBBBx30mpJLtV0AofYOLqWTp7VPXBE9sUhksg500EEHHXTQQQcddNBBfz/oQog6A3QhQBdCgC6EAF0IAboQAnQhBOhCCNCFEKALAboQAnQhBOhCCNCFEKALIUAXQoAuhABdCNCFEK8a/wCHwS/CinqtVAAAAABJRU5ErkJggg==','ibankingabc@gmail.com','2026-01-29 06:51:01','2026-01-29 14:49:57','Null'),(30,NULL,39,'NETS-QR','Pending',10.00,'SGD',NULL,NULL,'0zh813w0wr1k','iVBORw0KGgoAAAANSUhEUgAAAPoAAAD6CAYAAACI7Fo9AAAMYUlEQVR42u3d3ZWqOhQAYPrx0VpswTqmDVuYWniderw6xzuDEFQUsjfOt9eahccfDmK+BDZJaI5CiLePxi4QAnQhBOhCCNCFEKALIUAXQoAuhABdCAG6EKALIUAXQoAuhABdCAG6EAJ0IQToQgjQhQBdCAH6Aytrmqp/U///qds/9/d7df/Nvf1Lvz51+2uvb23lG3TQQQcddNBBBx100EEHveaOnHv9c1cUS0OeG9LSMP5axZGtfIMOOuiggw466KCDDjrooNdMZmVPltX+4WrDqV2RZEu+ZivfoIMOOuiggw466KCDDjroa4IeXbFkS27VTvZFJ7uyJw9BBx100EEHHXTQQQcddND/cjJu6YqgdnIo26Ch2sm3bOsHHXTQQQcddNBBBx100EE3qKUenGwVSe1kVu31RUNdW/kGHXTQQQcddNBBBx100EGfs2DXThZ53euRg6bMAgu610EHHXSvgw66guh10GtCj47oiSdqT0YZ3SFk7tejk33vHKCDDjrooIMOOuiggw466LV/yOzJwuzbu/YOSa/uv3erCEEHHXTQQQcddNBBBx30vw09egL+6ORMdAeh7JNZLv1919bhpWYyEHTQQQcddNBBBx100EEHfWkYc++47Dc8yFZxRP/+a5/sEnTQQQcddNBBBx100EEHPVMyrnZy7N075EQP6sjegSX7ZJyggw466KCDDjrooIMOOujHipENfjSs6PUv/fsu/XtnuylmdPkGHXTQQQcddNBBBx100EHP8kVqJEcyd4hY4v+r3aHn1d8jW0UPOuiggw466KCDDjrooIOeORk39w819w9bu6DVroiy3YRw6Yo0+0Qmb9thBnTQQQcddNBBBx100EFfRTIuW/Ju6WRcdujZK47o5Fe2G0CADjrooIMOOuiggw466KBHwq8NLXoC/rVNTBE9kcO7TXb5Nll30EEHHXTQQQcddNBBB32V0LNNJFF7e6OTR39tkEf0TSkjA3TQQQcddNBBBx100EEHvXbBy9bBY+n9le3/f7dBLNmSpaCDDjrooIMOOuiggw466JlgL10wo5M3tZNDtW+YkK1hmHv/ZU7mgQ466KCDDjrooIMOOuig14aWvSBluwFC9O+39uRZ9P4AHXTQQQcddNBBBx100EFfMnkR3QGk9kQK2TuYRCfrsiXPspVv0JNAF5ULM+iggw466KCDDjrotZJza0/2iXXDfueKAHTQQQcddAE66KAL0EF/t4LzHR+H09/+srz87fbP/6ed9bWnv/1ne9x/tMfDZXn+96G37L5+631tdxv727yWf5++R9Zk65qSc6BP+WFOoNvz86e/ttlelr+Pp0a72f+s43hZx77ZH5vNYZa/7enveGN7z8vu9xk+3l7eP/a4tM5l1n8876uvFnTQa0HfXgri9oJz+1Mwvx9Pic12sL79qUA3u/Yf1sHyDLjtLcff9z/00jav7fH/lcR3Kw866HWgN51C2IM05TB+s++05p0W/QrsoQD7UIA9fN92dxhs6/BxM6ysrh43HXilxzXXf/nc5wH0SOi1b0pXfTLI3b7YQg4K9o3zyn6Lft2CNf9a9JuH5O2Dh+5t59C9e6hcqJxGv1Pp9eaB51/5fHk9g+eOx3SDimoPogF9oR++/YY+Brz33KRD998CfzhBPyfXth/tyPJw5/Xf5ff2no9CLsv+39XzA3zN7xHKyHrKnx+iHduG9t6/u+fovaOA8/k66KBXaNHLLdPV4weTcVcVxOch5NCu3f1uy8/2fDy+Ld198sznbxeUQkV6WjfooC8Gve0X5hPMIdhL67PZTjp0nxXH1BgkGptp+YbC6UA/S/76tjVXuRDQk0Jf+osu3kHmCkNz1QK3Y4fwN1ro38tr25/LYGHQC6cR7RMt+tX+meu7fOx7h++Prbs2tOibeII+K/SRw9Ov428h7Lze3mrZNoVkU4IW/QfUpBa9dHnsktf4nKFlP1eYu06HmifKA+igPwx9cF7eLXTn3m29lr2bJb7fijbfybjzZbPzpbHtw8vya9OgF45GdhNa9I/DMJF3ta+awutjy8vnzvvnhYoCdNBfbtG7SaHxa+PXibv7l9e2v5fXdq/3jJt26F44D/7YT/0BhkcFNy/blZZj198vRweg54O+tpvsTWvRrztv3M4Sl89Zr8/RSx1mer3fBo8vy27HmV37HPRSJbabuI5z//qxXEWxk8ywg83ty5fN1dFR9jnlMnWoAf3pFv1SMMfOF4uHo73ONJthy/evRe+gHn3ca/X7veQmQu9eXvvZ3mcG65zzESM938qdYMY6yNz43GYLOuiVW/Qx6J3WbXCuerdFn2dQy3OH7t38wwuj8s7gC1cphsvtyPPNjQqjAR30JaEXDidvZYB/KobhYek/6IXunafPHL6O38NP28/T8us8FPX03vPw06vnR97zeXn+a3rWfYBpF3QFoFtZbPbla/S7A+hR0KO/eN3r6I/1ZGs3I+eqvW6es197nhhtod/9JOjnjkMTewZOO63oteqFDjNLQ4+uSECvDn0izLuDRm5k8WtFofdZO+HQvZyPmOm7FJJ85/N00EFf8Dp6M73L6tdxeKlt7NpxWM+4F7Pum1Jnmbl6xh0KpxVadNAXgt5OScYVD207reVg4or/W/R9DPRSr78pWfeRsfrf++eVPu/nqxSlyTNAz5OMmwqt9iCWyevbDbPkkw5PB5iGvejmzLpvd4cnoHYvHU6A/jV+Db3fT33K8+3YZBafbfV7x2UetAL6zNAHPbimHmqPXiNuetBLs8dMWF4eP56MGw6ZnXzofXec/vQecuXJJ5pZyhvooD/Uoj+bJS+fq3dmmOnPEdftENOdM27s+f/njJvUohc6suye+W7NaKeYYrfg/hHSnV513X0OOugLQZ8pS/7Vjk7aeGj2BeSPtd6vtOjH3pDZyefovZb9+nB8O2Gqqlv95K8rH9DfJBm3dAeZyT/ET/a303vr2UTTT3Luen0PzRfXjM0f13ZemzaCrf08DM+bX02ibTrjx+/2fmt67y2MeruzPdEdVP7MxBNvD33haI+i5hEl6KC7JRPooIMuQAd9MbhrSn6I/NBrJ+de3R7QQReggw466KCDLkAHfckd/27vF7Gwa0NfumEDHXQBOuiggw466NWgR1cs2XMYc+9f0CtBjx64XxtO7YKYbWKEtU3umQ0q6KCDDjrooIMOOuiggw76mqEv/cPN/flXoUR3MIqeGCRbRRtdHkEHHXTQQQcddNBBBx100COTabWTSdkqotrblw1y7f2TvUMV6KCDDjrooIMOOuiggw76nPBrD6JY24T8tSvK6PVF779sN2kEHXTQQQcddNBBBx100EGvCS1bsq12B5ro7/duE2Es/fns5Ql00EEHHXTQQQcddNBBBz0y2fNuBX/pgle7INZOZkZPxpht0BTooIMOOuiggw466KCDDvqcO3LpiQmiJz+MTh5GQ1pbh6W1Nxyggw466KCDDjrooIMOOuiRXzz75I3vnvyLnqwzeiKN6Bt0gA466KCDDjrooIMOOuigZ4Ky9g472dY3d0UU3aFlbRU96KCDDjrooIMOOuiggw76kvBrJyeyJ4/m3h9rh14bcu3yHlkRgA466KCDDjrooIMOOuh/D3rtZFLt5F7tZGHtDkDRFXFmKDW2F3TQQQcddNBBBx100EEHvWYyLvomi0snD6OTY9EFM1sHmuiJM6KTg6CDDjrooIMOOuiggw466JkgRheM7BCjJ2Nce/Ix+/4EHXTQQQcddNBBBx100EFfU8URvb7oimLuijd7si/bICrQQQcddNBBBx100EEHHfQloa8teRE9iCJ6UM/Syc7o5Gbt7XOTRdBBBx100EEHHXTQQQc9M/TaybboQSa1b1BQG0r2iTWW/n6Z4IIOOuiggw466KCDDjrooM+9I7MVjGw3OIgelLH0/s9208nayeK3mQUWdNBBBx100EEHHXTQQQc9wWSPtSuK7IMwst0k893eDzrooIMOOuiggw466KCD/peScdHJk2zJoOgbNkR3UMqWzAQddNBBBx100EEHHXTQQa8Jqfb6l04uRU/kEP37RCf7sk0sEVkRgA466KCDDjrooIMOOuigZx80kO0GCLUrwuhkWzSMtSUHQQcddNBBBx100EEHHXTQhRDrD9CFAF0IAboQAnQhBOhCCNCFEKALIUAXQoAuBOhCCNCFEKALIUAXQoAuhABdCAG6EAJ0IUAXQrxr/AeqqNwH9vkYDgAAAABJRU5ErkJggg==','ibankingabc@gmail.com',NULL,'2026-01-29 15:01:12','Null'),(31,NULL,39,'NETS-QR','Pending',10.00,'SGD',NULL,NULL,'0vui9e6qedye','iVBORw0KGgoAAAANSUhEUgAAAPoAAAD6CAYAAACI7Fo9AAAMbUlEQVR42u3dXXayOhQAUObjo2NxCo6j03AKHQuvHY9X+3lbhKCmkuSg+6zl0vpDEbMTOCShOwohXj46m0AI0IUQoAshQBdCgC6EAF0IAboQAnQhBOhCgC6EAF0IAboQAnQhBOhCCNCFEKALIUAXAnQhBOgPLKzrqt5y//+99y/9/Z5dXu7nn33/0q/nrl/t5a2tfIMOOuiggw466KCDDjrooNfckKULdnTYz0KqDePdKo5o5Rt00EEHHXTQQQcddNBBB33JgrF08qx1wS9dkN89ubW2ZGbt3xd00EEHHXTQQQcddNBBBz3yhqhdsURLbulA9NrbH3TQQQcddNBBBx100EEHfU3JuFcvqK0HDdVOvkVbPuiggw466KCDDjrooIMOukEtcTo4tK5ISkMsXZFGg7q28g066KCDDjrooIMOOuigg75kwa6dLPK612t2iDELLOheBx100L0OOugKmtdBbwm9dUS/wMPak1W1OzS13t4vZQN00EEHHXTQQQcddNBBB73yD1ka/tIFN3pyaG0Va+mKcW0VIeiggw466KCDDjrooIMO+pIFcenlt/58tGRU6+Wt7feqXXGADjrooIMOOuiggw466KAvWfBKVwy1/3/t9y+drFrb+r36ZJeggw466KCDDjrooIMOOug1oUdLrpQu2K1v0X+f2hVL7WRo7c+DDjrooIMOOuiggw466KDX3DCtO1zU7jDSOvlWennRk4fR/j/ooIMOOuiggw466KCDDnrL5FzrZEa0gl+7Iiy9vWq/3rqiBx100EEHHXTQQQcddNBBj5yMa/1DRbvgQbT/13qijdoX1Wxdvl62wwzooIMOOuiggw466KCDvopkXO3kRO2JJGp/n6W397MFv/X61i4PtS8AATrooIMOOuiggw466KCDHilaVwStIUSbCKJ1B6hXm+zyZbPuoIMOOuiggw466KCDDvpLQo+WbFtbMrF1B5ba26/17x/KCuiggw466KCDDjrooIP+9tCjXeAg+oXrW08cUXuyxOiDWEqX55rlC3TQQQcddNBBBx100EF/P+itf7jWyaHaHTJqV0ytL4q4tok+IjUkoIMOOuiggw466KCDDjro0Qd1RJsMcO0XGIg2yKT09q1dkYEOOuiggw466KCDDjrooEdOXrT+YUv/8EtDaZ0ci5ZMfOXkG+hBZvwQ9QN00EEHHXTQBeigF9tQ0ZJf4rVgRyvfoIMuQAcddAE66KCDDvqaNnTtgpFc/4/D6ba/3F9uu/3f/+lgef3ptv/sj/uP/ni43J//Pozuh6/fel8/XMfxOq/l79P3iJpsbTmRBOgloZ9A9+f7063vtpf738e50W/2P8s4Xpax7/bHbnNY5LY93Y431vd8P/w+08fby/vnHqeWWWb5x/O2+upBB70W9O2lIG4vOLc/BfP7cU5stpPl7U8Futv1/7BO7s+A+9H9/Pv+h55a57U9/r+S+G7lQQe9DvRuUAhHkHJ24zf7QWs+aNGvwB4SsA8J2NP3bXeHybpOH3fTyurqcTeAl3pcc/mXz30eQI+UjIs+yCT7h9ztky3kpGDfOK4ct+jXLVj3r0W/uUveP7jr3g923Ye7yonKafY7pV7vHnj+mc+nlzN57hhvEFXr8gr6QtD7b+hzwEfPZe26/xb4wwn6Obm2/ehn7g93Xv+9/17f817I5X58u3p+gq/73UOZWU7681O0c+vQ3/t7eIw+2gs4H6+DDnqFFj3dMl09fjAZd1VBfB6a7Nr1u991+Vmfj8fXZbhN/vL52z9EoiI9LRt00ItB78eF+QRzCvbS+my2Wbvui+LIjUmiscvLNyQOB8ZZ8ufXrbvKhYAeBHq0zz+9oa8wdFctcD+3C3+jhf49vbb9OQ3WDHriMKL/Q4t+tX2W+i4f+9Hu+2PLbt0wROpAA3o29Jnd06/jbyEcvN7fatk2iWRTgBb9B1RWi546PXbJa3wu0LKfK8zdoEPNAvBAB30W+uS4fFjozr3bRi37MEt8vxXtvpNx59Nm51Nj24fv06/lQU/sjewyWvSPwzSRd7WtusTrc/eXz523zxMVBeigP92iD5NC8+fGrxN390+vbX9Pr+2e7xmXt+ueOA7+2Of+ANO9gpun7VL3c+ffL3sHoMdPxtUepLJ4xZI6jZQ6Bp8rwKNK4foYPdVhZtT7bfL4cj/sOLPr/wY9VYntMpdx7l8/l6tIdpKZdrC5ffqyu9o7Kj15Y+nXX2b02itCn7Q4c8eLyd3RUWeazbTl+9eiD1DPPh61+uNecpnQh6fXftb3L4N1zvmImZ5v6U4wcx1kbnxuswUd9Mot+hz0Qes2OVa926IvM6jlb7vuw/zDE6PyzuATZymm99uZ57sbFUYHOugloSd2J29lgH8qhulu6T/oie6dp88cvo7fw0/7z9P913ko6um95+GnV8/PvOfz8vxXftZ9gmnX6AzAsLLY7NPn6HcH0FtBj5YMKZOM22b1ZOs3M8eqo26ei597zow+0e8+C/q541Bmz8C8w4pRq57oMFMaeuuKBPTq0DNh3h00ciOLXysSvc/6jF33dD5ioe+SSPKdj9NBB73gefQuv8vq13F6qm3u3HGznnFPZt03qc4yS/WMOyQOK7TooBeC3uck45K7toPWcjJxxf8t+r4N9FSvv5ys+8xY/e/t80yf9/NZitTkGaDHScaVTtbVHkQzbtGzR5tNME170S2Zdd/uDn+AOjx1mAH9a/4c+rifes7z/dxkFp999WvbRR60AvrC0Cc9uHJ3tWfPEXcj6KnZYzLuL48fT8ZNh8xm73rfHaef30MuPflEt0h5Ax30h1r0v2bJ08fqgxlmxnPEDTvEDOeMm3v+/znjslr0REeW3V++WzfbKSbZLXi8h3SnV91wm4MOeiHoC2XJv/rZSRsP3T6B/LHW+5kW/TgaMpt9jD5q2a93x7cZU1Xd6id/XfmAvpJk3NLvXzo5OJ/9HfTe+mui6Sc5d728h+aL6+bmj+sHr+WNYOs/D9Pj5meTaJvB+PG7vd+60XsTo97urE/ryRrfZuKJl4deOPqjqLlHCTroLsEEOuigC9DfGHrrQQHggh45Offs+oAOugAddNBBBx10ATroJTd87feXXn/RFnZt6Eu/v+i2Ah100EEHHXTQQQe9ZQ5jzQVvif8HepBkXOkOLbUvGFH7/Ut//9q/z9IVXen314YKOuiggw466KCDDjrooINeE3rrrGv0Dg3RLxjQemKQ0hVn6e1VuzyBDjrooIMOOuiggw466KBHKritf8ja26M2zNqQSycjaycD3yYZBzrooIMOOuiggw466KCHgN4aVulkTPTkXOuKdW0VZ7SLNIIOOuiggw466KCDDjrooNeEHu2HbD0opPb3q/19WycLS69P6/IEOuiggw466KCDDjrooIPesmBEK/i1k5etJ0aonbyLPhljtIoUdNBBBx100EEHHXTQQQc9cjKudMVSOhkTrWKqPWipNoxXazhABx100EEHHXTQQQcd9PeGHn0QS+tBI2tLBrVOni29vq0nD609SAp00EEHHXTQQQcddNBBf2/opZN50Qb+RxtkEq2iq51Mjf59Wk5MATrooIMOOuiggw466KC/H/TIyYgIBSFaRRANxtog1y4foIMOOuiggw466KCDDjroLZNT0To41IYcrQNR7ckiW0OpPRko6KCDDjrooIMOOuiggw56zWTX2pNt0ZNxrbd/tA40tSs2M8yADjrooIMOOuiggw466JGhv1vBiJaMan0Rw2i/X+vkcMuGD3TQQQcddNBBBx100EEHPXrF0Xp50ZJtrwYjekUGOuiggw466KCDDjrooINeEnr0H7p08mfpH771BRaibc/Syd3WF9kEHXTQQQcddNBBBx100EGPnAyrvaFbT84YLRlXOtnUGna0igp00EEHHXTQQQcddNBBB70lxGgXUdSBJdagk7V14HGlFtBBBx100EEHHXTQQQcd9HJQan+/2sm91heoaJ18Lf3+1g0X6KCDDjrooIMOOuiggw565GRc9EEytQtO9EFG0QbZRE8mgw466KCDDjrooIMOOuig1/witZdfOhlVO9lVe9BK6+1bGn7r5CLooIMOOuiggw466KCDDnrN5M6rTeBfO3nX+vO1K77ayeOlv/9qk3Gggw466KCDDjrooIMOekjoQoiYAboQoAshQBdCgC6EAF0IAboQAnQhBOhCCNCFAF0IAboQAnQhBOhCCNCFEKALIUAXQoAuBOhCiFeN/wBruXKNhP/BswAAAABJRU5ErkJggg==','ibankingabc@gmail.com',NULL,'2026-01-29 15:06:53','Null'),(32,NULL,39,'NETS-QR','Pending',10.00,'SGD',NULL,NULL,'0t1frk4b7sii','iVBORw0KGgoAAAANSUhEUgAAAPoAAAD6CAYAAACI7Fo9AAAMdUlEQVR42u3d0ZWiMBQAUPrx01pswTqmDVuYWvidelyZcWcQgoqS5KH3nePBVYdFyE3gkcTmKIR4+WjsAiFAF0KALoQAXQgBuhACdCEE6EII0IUQoAsBuhACdCEE6EII0IUQoAshQBdCgC6EAF0I0IUQoN+xsqYp+pj7/9/6/NLf79n99+z3e3b9pbev9PrWVr5BBx100EEHHXTQQQcddNBL7sil15+74ogGLXfBfveKI1r5Bh100EEHHXTQQQcddNBBz5lMyl0wcv//uQ9c6YJeOvkYreKNVr5BBx100EEHHXTQQQcddNDXBL12xRItuVW6w9HaOvRE3/+ggw466KCDDjrooIMOOuivlIzLXRE8C6V2srF0Qcw9yCP6oCPQQQcddNBBBx100EEHHfRI0Euvv/bA/2jJqtwV1dLJvdzfb+3lG3TQQQcddNBBBx100EEHPSes2sk673s/cjIUdAXR+6CD7n3vgw66970P+pqidnJrbYNIokEqnezLnVwLZQN00EEHHXTQQQcddNBBB73wgcydXFm6osldsZQeRLI0xLUd32gVIeiggw466KCDDjrooIMOes6CUDuZVXr7cm9/9A4mpb9/tIoSdNBBBx100EEHHXTQQQc9J+zSBWFtyb/oybq1JROjTXYJOuiggw466KCDDjrooINeE3rpA1V7kEPt7xe9g1DtiUaiT8YJOuiggw466KCDDjrooIN+LBjRCkbtghZtkET0iS1yQ66dvHyZ0Wuggw466KCDDjrooIMOekjotX/EMHdBjNQhIsL+jjaoJlpFBjrooIMOOuiggw466KCDHikZFz05t/SBiV4R1Sx4Ofbv0sc3WvkDHXTQQQcddNBBBx100EGPBDn39kQbVBGtIEaHWLqijjZIBnTQQQcddNBBBx100EEHPSf83BBLb+/SMEvDzl0w330yzpfJuoMOOuiggw466KCDDjrobwE9d3KldsFb248Q1q7IozUUpTsYgQ466KCDDjrooIMOOuigv3IyaulkS+mCmfv/y12RRpuIonZFDTrooIMOOuiggw466KCDHjk5lhtG9An8o3coif6DCqUHoURK5oEOOuiggw466KCDDjrooJeeuCFa8q/09i1dcKJNtFC7IimdfAYddNBBBx100EEHHXTQQV8SeslkQ40DWzoZ9mqTTZZOhpVOrtVMvoEeZMYPcQxfkYIOugAddNAF6KCH+VFD0F8b+tJ/X3rQD+igC9BBBx100EEHHXTQIx2I2gUnuf0fh9Njf16eH7v94/9pb33t6bH/bI/7j/Z4OC+7fx8Gy/771z7X9rdxuM1r+ffpe0RNtkZLPoO+FPQT6LZbnh5tsz0v/57PjXaz/13H8byOfbM/NpvDIo/t6XG8sr3dsv99xs+3589PPU+tM8/6j92++mpBB70U9O25IG7POLe/BfP7+ZzYbEfr258KdLNrf7COlh3gdrCc/tx/6KltXtvz/5XEdysPOuhloDe9QjiANOc0frPvtea9Fv0C7CEB+5CAPf7cdncYbev4eTOurC6eNz14qecl13/+u88D6JGgL53cqN4BZrdPtpCjgn3lunLYol+2YM1Pi371lLy989S97Z2690+VE5XT5HdKvd/c8fozf59ez+i14/oHPa12UMurQ2+/oU8BH7w269T9r8AfTtC75Nr2o51YHm68/7f83t7uLOS8HD4uXh/ha/7OUCbWk/77MdqpbWhv/bt/jT44C+iu10EHvUCLnm6ZLp7fmYy7qCA+D1WORbv725bf7fm4f1v6++SRv79eUBIV6WndoIOeDXo7LMwnmGOw59Zns5116r4ojoe+2wDTnHxD4nJgmCV/ftuai1wI6JWgR5soYfH7rhcYmosWuJ06hb/SQv/dXtv+3garBj1xGdE+0KJf7J+lvsvHfnD6ft+6o/3Ax7OfB70o9InT06/jXyHsvd9ea9k2iWRTgBb9F9SsFj11e6z5uST4XKBl7yrMXa9DTYEzRtDfGProurxf6LrebYOWvZ8lvt2KNt/JuO62WXdrbHv3Mv3ePOiJs5HdjBb94zBO5F3sqybx/tTy/Hfd/nmiogAd9Kdb9H5SaPre+GXi7vbtte3f7bXd8z3j5p26J66DP/ZzD8D4rODqbbvUcur++/nsAPTXh159wvzUbaTUNfhUAR5UCpfX6KkOM4Peb6Pn52W/48yufQx6qhLbzVxH179+KleR7CQz7mBz/fZlc3F2FO0HGd529NorQh+1OFPXi8nT0UFnms245ftp0XuoJ58PWv1hL7mZ0Pu3136395HBOl0+YqLnW7oTzFQHmSt/t9mCDnrhFn0Keq91G12r3mzRlxnU8tipez//8MSovA584i7FeLmdeL25UmE0oIOeE3ridPJaBvi3Yhiflv5AT3TvPP3N4ev4Pfy0/Twtv7qhqKfPdsNPL16f+Mzn+fWv+Vn3EaZdpTsA/cpis0/fo98dQK8FfenkROlk3JxbUPf2ZGs3E9eqg26ei997nhltot/9LOhdx6GZPQPnXVYMWvVEh5nc0GtXJKAXhz4T5s1BI1ey+KUi0fusnXHqns5HLPRdEkm+7joddNCzQR+hvQfm13F8q23q3nG1nnFPZt03qc4yS/WMOyQuK7TooGeC3s5JxiVPbXut5Wjiiv8t+r4O9FSvvzlZ94mx+t/755k+791ditTkGaDHScY9m6zL/dtfj/WMu8ySzzo9HWEa96JbMuu+3R0egNq/dTgD+tf0PfRhP/U5r7dTk1l8tsUnC408aAX0haGPenDNPdWevEfcDKCnZo+ZsTw/vz8ZNx4yO/vU++Y4/fk95NKTTzSLlDfQQb+rRX80S56+Vu/NMDOcI67fIaY/Z9zU6//njJvVoic6suwe+W7NZKeYZLfg4RnSjV51/X0OOuiZoC+UJf9qJydtPDT7BPL7Wu9nWvTjYMjs7Gv0Qct+eTq+nTFV1bV+8peVD+gvkowr/YMQN9f3m/3t9d56NNH0m5y7XN9d88U1U/PHtb335o1gaz8P4+vmZ5Nom9748Zu935rBZxOj3m5sT+3JGt92hpmXg5452qMoeUYJOuh+kgl00EEXoL8x9NKDWtaUDBHxoNcub6CDLkAHHXQBOuiggw56TejPHqjonxd1YZeGXjqZDDrooIMOOuiggw56Nui1C0r0HMXa9i/ohQ5c7Q4ya5/gv/bxqT25ZzSooIMOOuiggw466KCDDjroa4aeG1Lt7SldUdR+lK4ISh/vSMlR0EEHHXTQQQcddNBBBx303Adq7T/iGL1g197/pZOptZOzoIMOOuiggw466KCDDjroWVdeORlS/AceMh/opQtGtORp6YYm2o80gg466KCDDjrooIMOOuigl4ReOnlVO9lV+vvlhhNtUEzphiFaeQIddNBBBx100EEHHXTQQa9ZMKIl+0onL0t3wCm9/dEq9tIVP+iggw466KCDDjrooIMO+isn43IXnNLJmNoTG9ROJkZLPkZvOEAHHXTQQQcddNBBBx100HNCL50cqV0Qcifbok0skXt7c3/faB2eQAcddNBBBx100EEHHXTQIyV7am9P7eRb6UEZpfdn6eRotOQh6KCDDjrooIMOOuiggw76kjt+7YMQaiePlk721IYeLdkbrcMU6KCDDjrooIMOOuiggw56ScjROzjUTt4tfTxqd/BY08QNa0/WgQ466KCDDjrooIMOOujvB732gagNtfTkiNEgRZvMsXYHpdLJSdBBBx100EEHHXTQQQcd9DVBLF0wakPMndwsfXyjJR9r71/QQQcddNBBBx100EEHHfTIUXvQROnkZOn1Re8Qlfv7LN0QgQ466KCDDjrooIMOOuig54QeLXkR7UcBS8OqvT2lK9ZoHYJKNySggw466KCDDjrooIMOOuglN3xtPzJYe2KE0vu3doej0uWnJlzQQQcddNBBBx100EEHHfSld2TpyRprdzCJVtFEG8Sz9kEpb/sDDqCDDjrooIMOOuiggw466AE7zESbfDD38cpdcNf2o5C1f0QUdNBBBx100EEHHXTQQQc9MvSlC2JtiKXXX3uQUelBJrUretBBBx100EEHHXTQQQcd9JLQo69/bcnD6BVV7v1ZOzm7puQc6KCDDjrooIMOOuiggw66CfzLVly1k3XRYJQedPK2yTjQQQcddNBBBx100EEHPSR0IUTMAF0I0IUQoAshQBdCgC6EAF0IAboQAnQhBOhCgC6EAF0IAboQAnQhBOhCCNCFEKALIUAXAnQhxKvGP9roRZBAr3GJAAAAAElFTkSuQmCC','ibankingabc@gmail.com',NULL,'2026-01-29 15:11:44','Null'),(33,116,39,'PayPal','Paid',20.00,'SGD','2TE73409F0178304K','5AW91020Y6252223D',NULL,NULL,'sb-xwsaw48998716@personal.example.com','2026-01-30 03:15:27','2026-01-30 11:15:28','Null'),(34,117,39,'PayPal','Paid',10.00,'SGD','8U963841R62984438','36G84997V59590711',NULL,NULL,'sb-xwsaw48998716@personal.example.com','2026-01-30 03:28:35','2026-01-30 11:28:36','Null'),(35,118,39,'PayPal','Paid',10.00,'SGD','6F658041K03875440','2YG15717J14142733',NULL,NULL,'sb-xwsaw48998716@personal.example.com','2026-01-30 03:49:59','2026-01-30 11:50:00','Null'),(36,119,39,'PayPal','Paid',10.00,'SGD','3GN45467AL141754K','59R64564LE7147619',NULL,NULL,'sb-xwsaw48998716@personal.example.com','2026-01-30 03:56:51','2026-01-30 11:56:51','Null'),(37,120,39,'PayPal','Paid',10.00,'SGD','5BY67310M2752663V','0LN91585YK413462G',NULL,NULL,'sb-xwsaw48998716@personal.example.com','2026-01-30 04:18:32','2026-01-30 12:18:33','Null'),(38,121,39,'PayPal','Paid',10.00,'SGD','3PA66966PH805123A','94J921782N612963V',NULL,NULL,'sb-xwsaw48998716@personal.example.com','2026-01-30 04:48:53','2026-01-30 12:48:53','Null'),(39,122,39,'PayPal','Paid',10.00,'SGD','0DY12711144438705','1XE40347HW547505J',NULL,NULL,'sb-xwsaw48998716@personal.example.com','2026-01-30 05:23:17','2026-01-30 13:23:18','Null'),(40,123,39,'PayPal','Paid',1.50,'SGD','75D145319S3798051','4G771890R2516203T',NULL,NULL,'sb-xwsaw48998716@personal.example.com','2026-01-30 05:31:05','2026-01-30 13:31:06','Null'),(41,124,39,'PayPal','Paid',1.50,'SGD','1FP11160KT331613P','4VH861578D058681P',NULL,NULL,'sb-xwsaw48998716@personal.example.com','2026-01-30 05:35:28','2026-01-30 13:35:28','Null'),(42,125,39,'PayPal','Paid',1.50,'SGD','5AP621600A1369724','6MX76976MH6553407',NULL,NULL,'sb-xwsaw48998716@personal.example.com','2026-01-30 06:01:52','2026-01-30 14:01:52','Null');
/*!40000 ALTER TABLE `transaction` ENABLE KEYS */;
UNLOCK TABLES;

--
-- Table structure for table `users`
--

DROP TABLE IF EXISTS `users`;
/*!40101 SET @saved_cs_client     = @@character_set_client */;
/*!50503 SET character_set_client = utf8mb4 */;
CREATE TABLE `users` (
  `id` int NOT NULL AUTO_INCREMENT,
  `username` varchar(20) NOT NULL,
  `email` varchar(255) NOT NULL,
  `password` varchar(255) NOT NULL,
  `address` varchar(255) NOT NULL,
  `contact` varchar(10) NOT NULL,
  `role` varchar(10) DEFAULT 'user',
  `verified` tinyint(1) DEFAULT '0',
  `is_deleted` tinyint(1) DEFAULT '0',
  PRIMARY KEY (`id`)
) ENGINE=InnoDB AUTO_INCREMENT=44 DEFAULT CHARSET=latin1;
/*!40101 SET character_set_client = @saved_cs_client */;

--
-- Dumping data for table `users`
--

LOCK TABLES `users` WRITE;
/*!40000 ALTER TABLE `users` DISABLE KEYS */;
INSERT INTO `users` VALUES (32,'kang','willkang0820@gmail.com','7c4a8d09ca3762af61e59520943dc26494f8941b','bedok','98765432','admin',1,0),(35,'wj','WEIJIE0214@GMAIL.COM','7c4a8d09ca3762af61e59520943dc26494f8941b','bedok','98765432','user',1,0),(39,'cw','ibankingabc@gmail.com','7c4a8d09ca3762af61e59520943dc26494f8941b','bedok','98765432','member',1,0),(43,'kj','kjss46158@gmail.com','7c4a8d09ca3762af61e59520943dc26494f8941b','bedok','98765432','user',1,1);
/*!40000 ALTER TABLE `users` ENABLE KEYS */;
UNLOCK TABLES;

--
-- Dumping routines for database 'c372_supermarketdb'
--
/*!40103 SET TIME_ZONE=@OLD_TIME_ZONE */;

/*!40101 SET SQL_MODE=@OLD_SQL_MODE */;
/*!40014 SET FOREIGN_KEY_CHECKS=@OLD_FOREIGN_KEY_CHECKS */;
/*!40014 SET UNIQUE_CHECKS=@OLD_UNIQUE_CHECKS */;
/*!40101 SET CHARACTER_SET_CLIENT=@OLD_CHARACTER_SET_CLIENT */;
/*!40101 SET CHARACTER_SET_RESULTS=@OLD_CHARACTER_SET_RESULTS */;
/*!40101 SET COLLATION_CONNECTION=@OLD_COLLATION_CONNECTION */;
/*!40111 SET SQL_NOTES=@OLD_SQL_NOTES */;

-- Dump completed on 2026-01-30 20:52:44
